SYMBOL,ENTREZID,log2-FC(RNA-seq),MethyValue(%),TSG(T/F),Location,MethyLevel
ABCB10,23456,-0.015205912,-24.42737653,FALSE,CDS,HYPO
ABCD1,215,-0.111757781,-25.23718937,FALSE,CDS,HYPO
ABR,29,-0.117326773,-68.61611075,FALSE,CDS,HYPO
ACADS,35,-0.111540036,-37.70151277,FALSE,CDS,HYPO
ADAMTS13,11093,-0.212564847,-54.2649075,FALSE,CDS,HYPO
ADAMTS15,170689,-0.64883087,-24.92030406,FALSE,CDS,HYPO
AKAP12,9590,-0.186035241,-74.10622341,TRUE,CDS,HYPO
AMH,268,-0.217192925,-28.76373405,TRUE,CDS,HYPO
AMOTL1,154810,0.282254777,-28.57045839,FALSE,CDS,HYPO
ANKRD13B,124930,0.416378334,-41.07149689,FALSE,CDS,HYPO
ANKRD34A,284615,0.028859857,-41.52585294,FALSE,CDS,HYPO
ANO1,55107,0.308394635,-31.90710608,FALSE,CDS,HYPO
ANO8,57719,-0.265510926,-39.105128,FALSE,CDS,HYPO
ARHGAP23,57636,-0.013949517,-51.36778771,FALSE,CDS,HYPO
ARHGAP27,201176,-0.359160776,-29.36125886,FALSE,CDS,HYPO
ARHGAP4,393,-0.117678215,-36.20058934,FALSE,CDS,HYPO
ARHGEF10,9639,-0.16953385,-40.44137288,FALSE,CDS,HYPO
ARHGEF10L,55160,0.281087372,-28.32716015,FALSE,CDS,HYPO
ATP11B,23200,-0.092136222,-61.40245585,FALSE,CDS,HYPO
C11orf35,256329,-0.312886997,-56.38171413,FALSE,CDS,HYPO
C6orf132,647024,0.07745233,-48.81684939,FALSE,CDS,HYPO
C9orf172,389813,-0.136142127,-36.37699508,FALSE,CDS,HYPO
SP6,80320,-0.910295954,-35.82064305,FALSE,CDS,HYPO
CBFA2T3,863,0.606583856,-40.00528525,TRUE,CDS,HYPO
CCDC64B,146439,-0.008878934,-39.98610653,FALSE,CDS,HYPO
CCDC85A,114800,0.055073229,-29.35122436,FALSE,CDS,HYPO
CCDC85C,317762,-0.126813283,-43.97396087,FALSE,CDS,HYPO
CELSR3,1951,-0.221807824,-55.21437556,FALSE,CDS,HYPO
CFD,1675,0.0335496,-40.11382943,FALSE,CDS,HYPO
CKB,1152,0.042528029,-20.03423649,FALSE,CDS,HYPO
COL7A1,1294,-0.059597304,-59.4134844,FALSE,CDS,HYPO
CPAMD8,27151,-0.142109419,-61.76063125,FALSE,CDS,HYPO
CPLX1,10815,-0.392533302,-38.13521445,FALSE,CDS,HYPO
CRIP2,1397,0.008596528,-30.68804736,FALSE,CDS,HYPO
CROCC,9696,-0.347191876,-71.14736112,FALSE,CDS,HYPO
CUX2,23316,0.169286571,-29.44397163,FALSE,CDS,HYPO
DAB2IP,153090,-0.220560244,-20.83066621,TRUE,CDS,HYPO
DDHD1,80821,0.175184137,-29.545236,FALSE,CDS,HYPO
DNM2,1785,-0.045274531,-31.97210258,FALSE,CDS,HYPO
EBF4,57593,-0.296729458,-27.27426965,FALSE,CDS,HYPO
ECE2,9718,0.537223092,-27.08490367,FALSE,CDS,HYPO
EEF1A2,1917,0.05817508,-36.18922196,FALSE,CDS,HYPO
EPS8L1,54869,-0.238638954,-45.06353493,FALSE,CDS,HYPO
EPS8L2,64787,-0.228907904,-59.66939067,FALSE,CDS,HYPO
EVC,2121,-0.153327334,-35.37099141,FALSE,CDS,HYPO
FAM110B,90362,-0.006483471,-34.74496829,FALSE,CDS,HYPO
FAM43A,131583,-0.19345185,-52.05448113,FALSE,CDS,HYPO
FAM65A,79567,0.007999071,-61.47528069,FALSE,CDS,HYPO
FAM83G,644815,0.190113675,-41.8382459,FALSE,CDS,HYPO
FBXL16,146330,-0.220730333,-38.79839832,FALSE,CDS,HYPO
FBXL8,55336,-0.174921507,-26.42285205,FALSE,CDS,HYPO
FGFRL1,53834,0.368470915,-71.56145943,FALSE,CDS,HYPO
FLJ22184,80164,0.004758732,-82.83044876,FALSE,CDS,HYPO
FOXJ1,2302,0.027622727,-28.91001388,FALSE,CDS,HYPO
FZD5,7855,-0.294960675,-77.55905512,FALSE,CDS,HYPO
GABBR1,2550,-0.069364246,-57.99470389,FALSE,CDS,HYPO
GAS6,2621,0.391967256,-34.79520547,FALSE,CDS,HYPO
GATA2,2624,0.215338582,-43.39349072,FALSE,CDS,HYPO
GMDS,2762,0.011234952,-36.63975715,FALSE,CDS,HYPO
GPR153,387509,-0.199423812,-61.38194181,FALSE,CDS,HYPO
GPR158,57512,0.27140083,-46.68729923,FALSE,CDS,HYPO
GPR176,11245,0.003652841,-73.68688658,FALSE,CDS,HYPO
GRIK3,2899,1.342395877,-44.87308687,FALSE,CDS,HYPO
GRIN1,2902,-0.196064615,-43.35834706,FALSE,CDS,HYPO
HOOK2,29911,-0.194673188,-63.26515396,FALSE,CDS,HYPO
HOXB3,3213,-0.174396547,-31.99208497,FALSE,CDS,HYPO
HOXC13,3229,-0.515703558,-46.98238274,FALSE,CDS,HYPO
HOXC5,3222,0.260637559,-69.19921003,FALSE,CDS,HYPO
HOXC6,3223,-0.173063637,-24.56752854,FALSE,CDS,HYPO
HOXC8,3224,0.05304627,-64.78300002,FALSE,CDS,HYPO
IDUA,3425,0.034728665,-53.17660356,FALSE,CDS,HYPO
IGSF9,57549,-0.434321659,-33.17792295,FALSE,CDS,HYPO
IL17RE,132014,-0.365557279,-32.33321255,FALSE,CDS,HYPO
INHBB,3625,-0.606476731,-29.31228194,FALSE,CDS,HYPO
IRAK1,3654,0.048082664,-49.40590914,FALSE,CDS,HYPO
IRX2,153572,0.710683251,-58.1789201,FALSE,CDS,HYPO
ITGB4,3691,-0.21483989,-45.06329728,FALSE,CDS,HYPO
ITPKA,3706,-0.548476695,-33.1371699,FALSE,CDS,HYPO
ITPKB,3707,-0.607282451,-59.1529325,FALSE,CDS,HYPO
JPH2,57158,0.210786456,-47.93737802,FALSE,CDS,HYPO
KAZN,23254,0.309553146,-32.74201897,FALSE,CDS,HYPO
KCNC3,3748,-0.145266227,-21.819098,FALSE,CDS,HYPO
SP6,80320,-0.910295954,-32.93585576,FALSE,GENE,HYPO
KIAA1244,57221,-0.195839264,-26.83192266,FALSE,CDS,HYPO
KLF13,51621,0.292287501,-73.75170681,FALSE,CDS,HYPO
KLF4,9314,0.114718849,-32.40695832,TRUE,CDS,HYPO
KLHDC7A,127707,-0.408199436,-24.90208484,FALSE,CDS,HYPO
LAMC1,3915,-0.028393042,-25.14983116,FALSE,CDS,HYPO
LIME1,54923,-0.222322371,-35.98611128,FALSE,CDS,HYPO
LSR,51599,0.01398868,-67.97764736,FALSE,CDS,HYPO
LTBP2,4053,-0.248727967,-51.49933068,FALSE,CDS,HYPO
MACROD1,28992,-0.034582798,-34.08166588,FALSE,CDS,HYPO
MAML2,84441,-0.676225133,-33.78890935,FALSE,CDS,HYPO
MAN2B1,4125,-0.097401675,-40.31164444,FALSE,CDS,HYPO
MAP3K6,9064,-0.070448167,-33.45769508,FALSE,CDS,HYPO
MCAM,4162,0.101685049,-34.6639725,FALSE,CDS,HYPO
MDGA2,161357,-0.128011783,-24.67944655,FALSE,CDS,HYPO
MEX3A,92312,0.386960035,-23.05657495,FALSE,CDS,HYPO
MFSD7,84179,-0.190387938,-27.64807116,FALSE,CDS,HYPO
MINPP1,9562,-0.031159255,-27.14194612,FALSE,CDS,HYPO
MKX,283078,-0.092912198,-38.55379189,FALSE,CDS,HYPO
MXRA8,54587,-0.105916496,-34.76466631,FALSE,CDS,HYPO
MYH14,79784,-0.163847203,-38.58398226,FALSE,CDS,HYPO
NAPRT1,93100,-0.15458142,-51.31841029,FALSE,CDS,HYPO
NOTCH3,4854,-0.327007701,-69.04328642,TRUE,CDS,HYPO
NPAS1,4861,0.016554689,-75.12736889,FALSE,CDS,HYPO
NR2F6,2063,-0.071936616,-87.65865257,FALSE,CDS,HYPO
NTN1,9423,0.439825546,-54.94423792,FALSE,CDS,HYPO
OBSCN,84033,-0.171756765,-25.53856359,FALSE,CDS,HYPO
OBSL1,23363,-0.14628774,-44.33642652,FALSE,CDS,HYPO
SP6,80320,-0.910295954,-34.02116353,FALSE,3-UTR,HYPO
OPLAH,26873,-0.112644496,-29.17459716,FALSE,CDS,HYPO
PALLD,23022,-0.022134713,-53.14379533,FALSE,CDS,HYPO
PARP10,84875,-0.243781513,-29.86879729,FALSE,CDS,HYPO
PDE4DIP,9659,-0.52074789,-57.48699634,FALSE,CDS,HYPO
PDZD4,57595,-0.102561691,-24.54294293,FALSE,CDS,HYPO
PHACTR1,221692,0.554140896,-63.16027491,FALSE,CDS,HYPO
PITX1,5307,-0.188797732,-28.79463871,FALSE,CDS,HYPO
PKD1L1,168507,-0.394777463,-30.3802063,FALSE,CDS,HYPO
PKP3,11187,0.002803345,-32.86268354,FALSE,CDS,HYPO
PLCD1,5333,-0.370382527,-46.60385532,TRUE,CDS,HYPO
PLEC,5339,-0.209596204,-33.34611008,FALSE,CDS,HYPO
PLEKHG5,57449,0.566023157,-37.47097531,FALSE,CDS,HYPO
PPP1R16A,84988,0.000481926,-45.34343331,FALSE,CDS,HYPO
PPP2R2C,5522,1.023973817,-32.62180078,TRUE,CDS,HYPO
PRRT3,285368,-0.180862387,-28.37504625,FALSE,CDS,HYPO
PTGER4,5734,-0.207352944,-38.15288955,FALSE,CDS,HYPO
PTPN18,26469,0.199858996,-86.42275015,FALSE,CDS,HYPO
PXDN,7837,-0.192098587,-22.24041428,FALSE,CDS,HYPO
RAB11FIP3,9727,0.037493011,-22.38912454,FALSE,CDS,HYPO
PCDH7,5099,-0.854327807,-76.78030495,FALSE,GENE,HYPO
RASSF1,11186,-0.034992993,-60.39700489,TRUE,CDS,HYPO
RNF223,401934,1.285486473,-40.74508431,FALSE,CDS,HYPO
SAMD11,148398,0.026205418,-34.46862733,FALSE,CDS,HYPO
SBNO2,22904,0.00561285,-61.3379194,FALSE,CDS,HYPO
SEMA3B,7869,-0.145706025,-31.63113945,TRUE,CDS,HYPO
SH2D3A,10045,-0.048872867,-54.51336364,FALSE,CDS,HYPO
SH3BGRL3,83442,0.066536954,-20.97947019,FALSE,CDS,HYPO
SHANK2,22941,-0.077949029,-57.3296746,FALSE,CDS,HYPO
SHROOM1,134549,0.078658613,-27.77581878,FALSE,CDS,HYPO
SIM2,6493,0.042284812,-40.91464686,FALSE,CDS,HYPO
SIPA1,6494,-0.236403673,-51.87533515,FALSE,CDS,HYPO
SLC16A8,23539,-0.190400806,-34.14281913,FALSE,CDS,HYPO
SLC27A3,11000,-0.233847913,-95.66235438,FALSE,CDS,HYPO
SLC4A11,83959,0.094668669,-45.7008649,FALSE,CDS,HYPO
SLC9A3,6550,-0.185072103,-32.06301862,FALSE,CDS,HYPO
SLC9A3R2,9351,-0.094868395,-27.93733395,FALSE,CDS,HYPO
SMTN,6525,-0.263770423,-90.54259312,FALSE,CDS,HYPO
SOD3,6649,-0.070355523,-51.07076522,FALSE,CDS,HYPO
SORBS2,8470,-0.21701371,-59.55816262,FALSE,CDS,HYPO
SOX2,6657,-0.69353574,-78.45753486,FALSE,CDS,HYPO
PCDH7,5099,-0.854327807,-76.78030495,FALSE,PROMOTER,HYPO
PCDH7,5099,-0.854327807,-76.78030495,FALSE,5-UTR,HYPO
SPATC1,375686,-0.311822651,-35.60566312,FALSE,CDS,HYPO
SPTBN4,57731,0.172530043,-33.13264163,FALSE,CDS,HYPO
SPTBN5,51332,-0.151387967,-24.32398157,FALSE,CDS,HYPO
SRCIN1,80725,-0.155250248,-38.24168789,FALSE,CDS,HYPO
SRGAP3,9901,0.285879604,-30.26845474,TRUE,CDS,HYPO
SRRM3,222183,0.308499697,-61.4672315,FALSE,CDS,HYPO
SSBP4,170463,0.239689087,-51.93871834,FALSE,CDS,HYPO
SSPO,23145,-0.361801309,-34.74604855,FALSE,CDS,HYPO
ST14,6768,-0.083397547,-38.1228769,FALSE,CDS,HYPO
STAP2,55620,0.133426414,-76.95768794,FALSE,CDS,HYPO
SYT7,9066,-0.144718601,-28.91618886,FALSE,CDS,HYPO
TIGD5,84948,0.091761141,-31.37440188,FALSE,CDS,HYPO
TMC6,11322,-0.2590275,-29.89429158,FALSE,CDS,HYPO
TNFRSF6B,8771,-0.022326629,-30.67185787,FALSE,CDS,HYPO
TONSL,4796,0.014302548,-45.44338464,FALSE,CDS,HYPO
TP73,7161,-0.139895618,-44.66074687,TRUE,CDS,HYPO
TRIL,9865,-0.518137952,-21.58523424,FALSE,CDS,HYPO
TRIM47,91107,0.073588016,-29.31982038,FALSE,CDS,HYPO
UBTF,7343,-0.096080067,-66.10702671,FALSE,CDS,HYPO
VAV1,7409,-0.337160808,-55.86458817,FALSE,CDS,HYPO
VSIG10L,147645,-0.018021441,-66.04508391,FALSE,CDS,HYPO
YDJC,150223,0.359820118,-46.22628313,FALSE,CDS,HYPO
ZNF497,162968,-0.106028478,-24.8301556,FALSE,CDS,HYPO
ZSCAN18,65982,0.015779636,-34.10679823,FALSE,CDS,HYPO
ZSWIM6,57688,0.285077113,-23.08778566,FALSE,CDS,HYPO
A1BG,1,-0.138843027,-24.8301556,FALSE,GENE,HYPO
ABCA2,20,-0.11479586,-24.66350892,FALSE,GENE,HYPO
ABCB10,23456,-0.015205912,-24.42737653,FALSE,GENE,HYPO
ABCD1,215,-0.111757781,-25.23718937,FALSE,GENE,HYPO
ABR,29,-0.117326773,-60.45321772,FALSE,GENE,HYPO
ACADS,35,-0.111540036,-37.70151277,FALSE,GENE,HYPO
ACBD4,79777,-0.310990049,-34.90718484,FALSE,GENE,HYPO
ACE,1636,-0.303959579,-28.29413707,FALSE,GENE,HYPO
ACSF2,80221,-0.123777419,-54.63233287,FALSE,GENE,HYPO
ACTA1,58,0.168478458,-49.83246736,FALSE,GENE,HYPO
ADAMTS13,11093,-0.212564847,-50.99924166,FALSE,GENE,HYPO
ADAMTS15,170689,-0.64883087,-24.92030406,FALSE,GENE,HYPO
ADAP1,11033,0.075773686,-39.83505708,FALSE,GENE,HYPO
ADM2,79924,0.168028351,-26.75942971,FALSE,GENE,HYPO
AGRN,375790,-0.272696369,-49.67529004,FALSE,GENE,HYPO
AHNAK2,113146,0.108875411,-46.1296698,FALSE,GENE,HYPO
AIF1L,83543,0.080779343,-37.85165525,FALSE,GENE,HYPO
AK8,158067,0.304453609,-28.12646783,FALSE,GENE,HYPO
AKAP12,9590,-0.186035241,-75.40484666,TRUE,GENE,HYPO
ALDH1A3,220,-0.11811304,-39.48608343,FALSE,GENE,HYPO
AMH,268,-0.217192925,-28.76373405,TRUE,GENE,HYPO
AMIGO3,386724,0.059524101,-40.20952855,FALSE,GENE,HYPO
AMOTL1,154810,0.282254777,-27.23871527,FALSE,GENE,HYPO
ZNF608,57507,-0.788063222,-70.38618926,FALSE,GENE,HYPO
ANAPC2,29882,-0.155369844,-26.7167173,FALSE,GENE,HYPO
ANKRD13B,124930,0.416378334,-45.85855978,FALSE,GENE,HYPO
ANKRD34A,284615,0.028859857,-41.52585294,FALSE,GENE,HYPO
ANO1,55107,0.308394635,-31.90710608,FALSE,GENE,HYPO
ANO8,57719,-0.265510926,-39.105128,FALSE,GENE,HYPO
APBB2,323,-0.143767108,-76.57235035,FALSE,GENE,HYPO
ARHGAP23,57636,-0.013949517,-53.37600674,FALSE,GENE,HYPO
ARHGAP27,201176,-0.359160776,-29.36125886,FALSE,GENE,HYPO
ARHGAP4,393,-0.117678215,-36.20058934,FALSE,GENE,HYPO
ARHGEF10,9639,-0.16953385,-37.59423631,FALSE,GENE,HYPO
ARHGEF10L,55160,0.281087372,-35.13386622,FALSE,GENE,HYPO
ARHGEF16,27237,-0.164899089,-24.58806768,FALSE,GENE,HYPO
ARHGEF7,8874,-0.143467191,-55.13856251,FALSE,GENE,HYPO
ARID3A,1820,-0.269372533,-68.71735902,FALSE,GENE,HYPO
ARSD,414,-0.138073249,-66.6755413,FALSE,GENE,HYPO
ASPSCR1,79058,-0.00743229,-37.63128162,FALSE,GENE,HYPO
ASTN2,23245,-0.061584461,-37.98109666,FALSE,GENE,HYPO
ATP10A,57194,0.704650049,-30.45725822,FALSE,GENE,HYPO
ATP11B,23200,-0.092136222,-61.68939972,FALSE,GENE,HYPO
ATP5D,513,0.320970467,-39.20736757,FALSE,GENE,HYPO
ATP9B,374868,0.15405749,-27.40793826,FALSE,GENE,HYPO
B4GALNT4,338707,0.053980411,-27.74188615,FALSE,GENE,HYPO
BAI2,576,0.1680149,-39.15435951,FALSE,GENE,HYPO
BAIAP2,10458,-0.159398593,-34.13787072,FALSE,GENE,HYPO
BAIAP2L2,80115,-0.131917542,-47.28942801,FALSE,GENE,HYPO
BCAP31,10134,0.002404854,-25.23718937,FALSE,GENE,HYPO
BCL2L11,10018,-0.183003726,-46.46592593,TRUE,GENE,HYPO
BCL6,604,0.107292665,-27.02941956,FALSE,GENE,HYPO
BCOR,54880,0.079154766,-31.68522223,FALSE,GENE,HYPO
BSG,682,0.070130632,-47.78049076,FALSE,GENE,HYPO
BUB3,9184,-0.117061373,-57.0500618,FALSE,GENE,HYPO
C11orf35,256329,-0.312886997,-56.38171413,FALSE,GENE,HYPO
C11orf95,65998,-0.219672491,-55.34238627,FALSE,GENE,HYPO
C16orf91,283951,0.144640891,-34.27047443,FALSE,GENE,HYPO
C20orf112,140688,0.30834726,-65.9304751,FALSE,GENE,HYPO
C3orf62,375341,-0.091477218,-56.08566124,FALSE,GENE,HYPO
C4orf48,401115,0.21082093,-47.35444493,FALSE,GENE,HYPO
C5orf38,153571,0.199682399,-58.1789201,FALSE,GENE,HYPO
C6orf132,647024,0.07745233,-48.81684939,FALSE,GENE,HYPO
C7orf50,84310,-0.063501721,-34.34782202,FALSE,GENE,HYPO
C9orf172,389813,-0.136142127,-36.37699508,FALSE,GENE,HYPO
CABIN1,23523,-0.090754052,-29.86416116,FALSE,GENE,HYPO
CABLES2,81928,0.004161868,-29.30926399,FALSE,GENE,HYPO
ZNF608,57507,-0.788063222,-70.38618926,FALSE,INTRON,HYPO
CALML4,91860,-0.00834204,-26.13508741,FALSE,GENE,HYPO
CAMK1D,57118,-0.01544493,-73.68915158,FALSE,GENE,HYPO
CARS2,79587,0.137909125,-35.9562694,FALSE,GENE,HYPO
CASZ1,54897,-0.243147803,-29.03453378,FALSE,GENE,HYPO
CBFA2T3,863,0.606583856,-33.09508901,TRUE,GENE,HYPO
CBS,875,0.222718418,-47.31872372,FALSE,GENE,HYPO
CCDC12,151903,0.039765409,-24.47557034,FALSE,GENE,HYPO
CCDC64B,146439,-0.008878934,-39.98610653,FALSE,GENE,HYPO
CCDC85A,114800,0.055073229,-29.35122436,FALSE,GENE,HYPO
CCDC85B,11007,0.643803584,-50.88361755,FALSE,GENE,HYPO
CCDC85C,317762,-0.126813283,-35.98583872,FALSE,GENE,HYPO
CCDC97,90324,0.229582843,-64.36544732,FALSE,GENE,HYPO
CCL28,56477,0.26752152,-57.68293487,FALSE,GENE,HYPO
CD81,975,-0.036621939,-27.83029225,FALSE,GENE,HYPO
CDH3,1001,-0.251575756,-52.18767955,FALSE,GENE,HYPO
CELSR1,9620,0.678571181,-34.01871833,FALSE,GENE,HYPO
CELSR3,1951,-0.221807824,-55.21437556,FALSE,GENE,HYPO
CFD,1675,0.0335496,-47.75656437,FALSE,GENE,HYPO
CHST11,50515,-0.0658833,-65.31381625,FALSE,GENE,HYPO
CIT,11113,-0.273824027,-25.58439412,FALSE,GENE,HYPO
CKB,1152,0.042528029,-46.98724902,FALSE,GENE,HYPO
COL18A1,80781,-0.213074044,-72.71317241,FALSE,GENE,HYPO
COL7A1,1294,-0.059597304,-59.4134844,FALSE,GENE,HYPO
CPAMD8,27151,-0.142109419,-47.79798902,FALSE,GENE,HYPO
CPLX1,10815,-0.392533302,-41.4065428,FALSE,GENE,HYPO
CPNE7,27132,0.063660125,-51.13165196,TRUE,GENE,HYPO
CRIP2,1397,0.008596528,-29.34148576,FALSE,GENE,HYPO
CRLF1,9244,-0.03591928,-52.53198804,FALSE,GENE,HYPO
CROCC,9696,-0.347191876,-71.14736112,FALSE,GENE,HYPO
CTBP2,1488,0.365804768,-38.03202473,FALSE,GENE,HYPO
CTSA,5476,-0.076084597,-43.69526869,FALSE,GENE,HYPO
CTXN1,404217,0.28901284,-30.49632101,FALSE,GENE,HYPO
CUX1,1523,0.018130813,-37.87475785,TRUE,GENE,HYPO
CUX2,23316,0.169286571,-30.88111363,FALSE,GENE,HYPO
DAB2IP,153090,-0.220560244,-31.26308097,TRUE,GENE,HYPO
DAGLA,747,0.018901454,-39.3583141,FALSE,GENE,HYPO
DDHD1,80821,0.175184137,-27.01662274,FALSE,GENE,HYPO
DGCR14,8220,0.001029691,-52.68925735,FALSE,GENE,HYPO
DGKQ,1609,0.092311643,-37.81752189,FALSE,GENE,HYPO
DNM2,1785,-0.045274531,-31.97210258,FALSE,GENE,HYPO
DOT1L,84444,0.067215281,-27.27225786,FALSE,GENE,HYPO
DRAP1,10589,-0.072369181,-66.47711346,FALSE,GENE,HYPO
DUSP8,1850,-0.386819425,-49.37952569,FALSE,GENE,HYPO
DVL1,1855,0.065926246,-25.01159956,FALSE,GENE,HYPO
EBF4,57593,-0.296729458,-39.07501616,FALSE,GENE,HYPO
ECE2,9718,0.537223092,-27.08490367,FALSE,GENE,HYPO
EEF1A2,1917,0.05817508,-36.18922196,FALSE,GENE,HYPO
EEF1D,1936,0.031939623,-31.37440188,FALSE,GENE,HYPO
EFS,10278,-0.193421967,-49.11519722,FALSE,GENE,HYPO
EGFR,1956,-0.355936176,-70.88277555,FALSE,GENE,HYPO
EHD1,10938,0.192037695,-39.14395132,FALSE,GENE,HYPO
ENDOD1,23052,0.378828553,-32.0256283,FALSE,GENE,HYPO
EPHA10,284656,0.168322614,-60.41762768,FALSE,GENE,HYPO
EPHA4,2043,-0.768469126,-71.30039651,FALSE,GENE,HYPO
EPS8L1,54869,-0.238638954,-45.06353493,FALSE,GENE,HYPO
EPS8L2,64787,-0.228907904,-46.62976311,FALSE,GENE,HYPO
ESPN,83715,-0.1424028,-52.60603164,FALSE,GENE,HYPO
ESPNP,284729,0.020589448,-37.45639642,FALSE,GENE,HYPO
EVC,2121,-0.153327334,-35.37099141,FALSE,GENE,HYPO
EXT1,2131,-0.252138458,-34.13500131,TRUE,GENE,HYPO
FADS2,9415,-0.015492311,-44.18310188,FALSE,GENE,HYPO
FAM110B,90362,-0.006483471,-34.74496829,FALSE,GENE,HYPO
FAM131A,131408,-0.097571925,-26.74217426,FALSE,GENE,HYPO
FAM172A,83989,-0.172384871,-82.09614533,TRUE,GENE,HYPO
FAM193A,8603,0.076357293,-37.02173805,FALSE,GENE,HYPO
FAM43A,131583,-0.19345185,-52.05448113,FALSE,GENE,HYPO
FAM65A,79567,0.007999071,-55.94465913,FALSE,GENE,HYPO
FAM83G,644815,0.190113675,-41.8382459,FALSE,GENE,HYPO
FBRSL1,57666,0.089183822,-39.51172383,FALSE,GENE,HYPO
FBXL16,146330,-0.220730333,-42.89233877,FALSE,GENE,HYPO
FBXL8,55336,-0.174921507,-26.42285205,FALSE,GENE,HYPO
FBXO17,115290,0.084880883,-40.66829548,FALSE,GENE,HYPO
FEZ1,9638,-0.199738688,-75.74071797,FALSE,GENE,HYPO
FGFRL1,53834,0.368470915,-71.56145943,FALSE,GENE,HYPO
FIBP,9158,0.053824925,-50.88361755,FALSE,GENE,HYPO
FLJ22184,80164,0.004758732,-82.83044876,FALSE,GENE,HYPO
EPHA4,2043,-0.768469126,-71.30039651,FALSE,INTRON,HYPO
FNBP1,23048,-0.210352582,-26.35445925,FALSE,GENE,HYPO
FOXJ1,2302,0.027622727,-28.91001388,FALSE,GENE,HYPO
FOXP4,116113,-0.083398305,-29.63964799,FALSE,GENE,HYPO
FRMD3,257019,0.081224279,-50.15089433,FALSE,GENE,HYPO
FRMD4A,55691,-0.184673887,-40.44819513,FALSE,GENE,HYPO
FRMD6,122786,-0.520569875,-45.14555243,FALSE,GENE,HYPO
FSTL1,11167,-0.376681257,-49.48968692,FALSE,GENE,HYPO
FZD5,7855,-0.294960675,-77.55905512,FALSE,GENE,HYPO
GABBR1,2550,-0.069364246,-57.99470389,FALSE,GENE,HYPO
GAS6,2621,0.391967256,-40.66698002,FALSE,GENE,HYPO
GAS7,8522,-0.301474207,-44.11150911,FALSE,GENE,HYPO
GATA2,2624,0.215338582,-49.71777972,FALSE,GENE,HYPO
GBF1,8729,-0.146255589,-63.42607442,FALSE,GENE,HYPO
GDI1,2664,0.111503921,-24.04144074,FALSE,GENE,HYPO
GFM1,85476,0.016573578,-59.70629044,FALSE,GENE,HYPO
GLI3,2737,0.322853784,-57.79304029,FALSE,GENE,HYPO
GMDS,2762,0.011234952,-36.63975715,FALSE,GENE,HYPO
GMPPA,29926,-0.00441664,-27.10177741,FALSE,GENE,HYPO
GNA12,2768,0.056602495,-21.91028206,FALSE,GENE,HYPO
GNAS,2778,0.08109913,-37.33292484,FALSE,GENE,HYPO
GOLGA3,2802,-0.146766015,-27.47657681,FALSE,GENE,HYPO
GOLGA8A,23015,-0.179358666,-82.66763848,FALSE,GENE,HYPO
GPNMB,10457,0.000629488,-32.97884209,FALSE,GENE,HYPO
TXNRD1,7296,-0.756621965,-54.22077922,FALSE,GENE,HYPO
GPR153,387509,-0.199423812,-59.85185071,FALSE,GENE,HYPO
GPR158,57512,0.27140083,-46.68729923,FALSE,GENE,HYPO
GPR176,11245,0.003652841,-66.61639447,FALSE,GENE,HYPO
GPSM1,26086,0.115270815,-32.82965856,FALSE,GENE,HYPO
GPT,2875,-0.017002401,-45.34343331,FALSE,GENE,HYPO
GRIK3,2899,1.342395877,-44.87308687,FALSE,GENE,HYPO
GRIN1,2902,-0.196064615,-53.75518748,FALSE,GENE,HYPO
GSDMD,79792,-0.199352505,-22.80678772,FALSE,GENE,HYPO
GSN,2934,0.06776126,-23.26307212,TRUE,GENE,HYPO
GTF2IRD1,9569,-0.382671374,-52.32609212,FALSE,GENE,HYPO
HEXIM1,10614,-0.61688926,-34.90718484,FALSE,GENE,HYPO
HMHA1,23526,-0.150368575,-41.90195264,FALSE,GENE,HYPO
HOOK2,29911,-0.194673188,-63.26515396,FALSE,GENE,HYPO
HOTAIR,100124700,-0.261564864,-52.03045062,FALSE,GENE,HYPO
HOXB3,3213,-0.174396547,-53.1657343,FALSE,GENE,HYPO
HOXC13,3229,-0.515703558,-46.98238274,FALSE,GENE,HYPO
HOXC4,3221,0.176800299,-51.97728771,FALSE,GENE,HYPO
HOXC5,3222,0.260637559,-54.29758612,FALSE,GENE,HYPO
HOXC6,3223,-0.173063637,-24.56752854,FALSE,GENE,HYPO
HOXC8,3224,0.05304627,-61.8693605,FALSE,GENE,HYPO
HSD17B1,3292,-0.023651379,-53.16827328,FALSE,GENE,HYPO
HSF4,3299,-0.028734434,-50.70703573,FALSE,GENE,HYPO
IDUA,3425,0.034728665,-54.52781634,FALSE,GENE,HYPO
IFFO2,126917,-0.15681073,-42.07916015,FALSE,GENE,HYPO
IGDCC3,9543,-0.280817443,-36.39451343,FALSE,GENE,HYPO
IGSF9,57549,-0.434321659,-33.17792295,FALSE,GENE,HYPO
IL17RA,23765,0.023046234,-36.15939339,FALSE,GENE,HYPO
IL17RC,84818,-0.199609143,-32.33321255,FALSE,GENE,HYPO
IL17RE,132014,-0.365557279,-32.33321255,FALSE,GENE,HYPO
INF2,64423,-0.054086309,-26.64145178,FALSE,GENE,HYPO
INHBB,3625,-0.606476731,-29.31228194,FALSE,GENE,HYPO
IQSEC1,9922,-0.187437543,-37.18950617,FALSE,GENE,HYPO
IRAK1,3654,0.048082664,-49.40590914,FALSE,GENE,HYPO
IRF7,3665,-0.213602795,-31.81232192,FALSE,GENE,HYPO
IRX2,153572,0.710683251,-58.1789201,FALSE,GENE,HYPO
IRX3,79191,0.075347891,-39.04851831,FALSE,GENE,HYPO
ITGB4,3691,-0.21483989,-54.03472627,FALSE,GENE,HYPO
ITPKA,3706,-0.548476695,-32.25247827,FALSE,GENE,HYPO
ITPKB,3707,-0.607282451,-43.64344914,FALSE,GENE,HYPO
JPH2,57158,0.210786456,-47.93737802,FALSE,GENE,HYPO
KAZN,23254,0.309553146,-32.74201897,FALSE,GENE,HYPO
KCNC3,3748,-0.145266227,-21.819098,FALSE,GENE,HYPO
TXNRD1,7296,-0.756621965,-54.22077922,FALSE,INTRON,HYPO
KDM2B,84678,0.058229278,-29.91846948,FALSE,GENE,HYPO
KDM4C,23081,0.14567634,-64.59016535,FALSE,GENE,HYPO
KIAA1191,57179,0.021833566,-36.5793912,FALSE,GENE,HYPO
KIAA1244,57221,-0.195839264,-26.83192266,FALSE,GENE,HYPO
KIFC3,3801,-0.557476557,-93.06716333,FALSE,GENE,HYPO
KLF13,51621,0.292287501,-73.75170681,FALSE,GENE,HYPO
KLF4,9314,0.114718849,-40.30016791,TRUE,GENE,HYPO
KLF6,1316,-0.062052464,-28.39037746,TRUE,GENE,HYPO
KLHDC4,54758,0.129358023,-42.23399522,FALSE,GENE,HYPO
KLHDC7A,127707,-0.408199436,-24.90208484,FALSE,GENE,HYPO
KREMEN1,83999,0.074828524,-55.69589285,FALSE,GENE,HYPO
LAMA3,3909,0.229670114,-32.66321173,FALSE,GENE,HYPO
LAMA5,3911,-0.364109923,-40.98937182,FALSE,GENE,HYPO
LAMB1,3912,-0.359676751,-43.79309458,FALSE,GENE,HYPO
LAMC1,3915,-0.028393042,-24.41662734,FALSE,GENE,HYPO
LEMD2,221496,-0.051198375,-81.91304417,FALSE,GENE,HYPO
LIME1,54923,-0.222322371,-44.82515353,FALSE,GENE,HYPO
LIMS1,3987,0.069864878,-21.13608798,FALSE,GENE,HYPO
LMF1,64788,-0.027180229,-45.86504082,FALSE,GENE,HYPO
LMX1B,4010,0.620776249,-49.36535952,FALSE,GENE,HYPO
LOC100129917,100129917,-0.161123354,-41.4065428,FALSE,GENE,HYPO
LOC146880,146880,-0.288690748,-47.09921945,FALSE,GENE,HYPO
LOC400655,400655,-0.189706664,-26.73152328,FALSE,GENE,HYPO
LPAR1,1902,-0.387867612,-51.67651416,FALSE,GENE,HYPO
LRRC14,9684,-0.089253113,-31.29375182,FALSE,GENE,HYPO
LRRC8D,55144,0.166965068,-74.0156133,FALSE,GENE,HYPO
LRRK1,79705,-0.209841649,-33.15331068,FALSE,GENE,HYPO
LSR,51599,0.01398868,-67.97764736,FALSE,GENE,HYPO
LTBP2,4053,-0.248727967,-51.49933068,FALSE,GENE,HYPO
LTBP4,8425,0.23489294,-48.06984169,FALSE,GENE,HYPO
MACROD1,28992,-0.034582798,-44.72536944,FALSE,GENE,HYPO
MAD2L2,10459,0.116499793,-30.03676045,FALSE,GENE,HYPO
MAEA,10296,0.08512202,-36.71722844,FALSE,GENE,HYPO
MAFG,4097,-0.228193353,-43.38520677,FALSE,GENE,HYPO
MAGI1,9223,0.091420941,-39.27165049,FALSE,GENE,HYPO
MAML2,84441,-0.676225133,-33.78890935,FALSE,GENE,HYPO
MAN1C1,57134,1.065965218,-37.18973993,FALSE,GENE,HYPO
MAN2B1,4125,-0.097401675,-40.31164444,FALSE,GENE,HYPO
MAP3K6,9064,-0.070448167,-33.45769508,FALSE,GENE,HYPO
MARVELD1,83742,-0.087981309,-37.71926198,TRUE,GENE,HYPO
MCAM,4162,0.101685049,-34.6639725,FALSE,GENE,HYPO
MCF2L,23263,0.063613874,-32.93316637,FALSE,GENE,HYPO
MCFD2,90411,-0.131130483,-40.91973244,FALSE,GENE,HYPO
MDGA2,161357,-0.128011783,-39.85526515,FALSE,GENE,HYPO
MDK,4192,0.196472652,-24.99329396,FALSE,GENE,HYPO
MEGF6,1953,-0.12598446,-52.76575902,FALSE,GENE,HYPO
MEX3A,92312,0.386960035,-23.05657495,FALSE,GENE,HYPO
MFI2,4241,-0.258323033,-24.16419584,FALSE,GENE,HYPO
MFSD7,84179,-0.190387938,-28.74274273,FALSE,GENE,HYPO
MGA,23269,-0.002919514,-79.07003018,FALSE,GENE,HYPO
MICAL1,64780,-0.182978858,-32.98476399,FALSE,GENE,HYPO
MINPP1,9562,-0.031159255,-27.14194612,FALSE,GENE,HYPO
MKX,283078,-0.092912198,-47.99072287,FALSE,GENE,HYPO
MOB2,81532,0.115991246,-49.37952569,FALSE,GENE,HYPO
MRPL36,64979,0.239359726,-81.57667426,FALSE,GENE,HYPO
MSI1,4440,0.019408007,-67.04160618,FALSE,GENE,HYPO
MXRA8,54587,-0.105916496,-34.76466631,FALSE,GENE,HYPO
MYH14,79784,-0.163847203,-38.58398226,FALSE,GENE,HYPO
MYLK,4638,-0.527993636,-25.94990714,FALSE,GENE,HYPO
MYO15B,80022,-0.218706639,-27.84266575,FALSE,GENE,HYPO
NAPRT1,93100,-0.15458142,-46.04502012,FALSE,GENE,HYPO
NBEAL2,23218,-0.257921948,-42.89206898,FALSE,GENE,HYPO
NBL1,4681,0.432621708,-26.13218424,FALSE,GENE,HYPO
NCOR2,9612,-0.127798452,-50.47476748,FALSE,GENE,HYPO
NDUFS6,4726,0.049295448,-81.57667426,FALSE,GENE,HYPO
NFATC1,4772,0.143473408,-38.21084464,FALSE,GENE,HYPO
NFATC3,4775,-0.059626316,-60.41573433,FALSE,GENE,HYPO
NFIC,4782,0.205803095,-84.50751153,FALSE,GENE,HYPO
NFIL3,4783,-0.080632104,-46.47670736,FALSE,GENE,HYPO
NFIX,4784,0.051202475,-34.05866686,FALSE,GENE,HYPO
NGEF,25791,-0.146251661,-73.19142249,FALSE,GENE,HYPO
NMNAT2,23057,0.141637702,-49.3590446,FALSE,GENE,HYPO
NOTCH3,4854,-0.327007701,-69.04328642,TRUE,GENE,HYPO
NOXA1,10811,-0.03740272,-22.66493818,FALSE,GENE,HYPO
NPAS1,4861,0.016554689,-75.12736889,FALSE,GENE,HYPO
NR2F2,7026,-0.163970647,-46.83869801,FALSE,GENE,HYPO
NR2F6,2063,-0.071936616,-71.42214084,FALSE,GENE,HYPO
NR3C1,2908,-0.441773335,-39.50238217,FALSE,GENE,HYPO
NTN1,9423,0.439825546,-54.94423792,FALSE,GENE,HYPO
NXPH4,11247,0.17981978,-53.5581224,FALSE,GENE,HYPO
OBSCN,84033,-0.171756765,-23.89818718,FALSE,GENE,HYPO
OBSL1,23363,-0.14628774,-44.33642652,FALSE,GENE,HYPO
ODC1,4953,0.0295464,-66.57817117,FALSE,GENE,HYPO
SOX9,6662,-0.756149295,-44.79616989,FALSE,CDS,HYPO
OPLAH,26873,-0.112644496,-29.17459716,FALSE,GENE,HYPO
OSR2,116039,-0.116418145,-27.31392121,FALSE,GENE,HYPO
P2RY6,5031,-0.221157512,-43.45350756,FALSE,GENE,HYPO
PA2G4P4,647033,0.323923986,-61.91354419,FALSE,GENE,HYPO
PACS2,23241,0.005789789,-55.92402649,FALSE,GENE,HYPO
PACSIN3,29763,-0.140247236,-65.38141269,FALSE,GENE,HYPO
PALLD,23022,-0.022134713,-53.14379533,FALSE,GENE,HYPO
PANK4,55229,0.009704926,-80.20789571,FALSE,GENE,HYPO
PARP10,84875,-0.243781513,-29.86879729,FALSE,GENE,HYPO
PAX9,5083,0.191907287,-45.09003136,FALSE,GENE,HYPO
SOX9,6662,-0.756149295,-39.18121502,FALSE,GENE,HYPO
PCDHA1,56147,-0.039671138,-27.02575997,FALSE,GENE,HYPO
PCDHA11,56138,-0.026734981,-27.02575997,FALSE,GENE,HYPO
PCDHA3,56145,0.016424713,-27.02575997,FALSE,GENE,HYPO
PCDHA4,56144,-0.201539535,-27.02575997,FALSE,GENE,HYPO
PCDHA5,56143,-0.111408268,-27.02575997,FALSE,GENE,HYPO
PCDHGA1,56114,-0.032532794,-39.84938012,FALSE,GENE,HYPO
PCDHGA10,56106,-0.054010587,-39.99120788,FALSE,GENE,HYPO
PCDHGA6,56109,0.011789255,-39.84938012,FALSE,GENE,HYPO
PCDHGA7,56108,-0.053803968,-39.84938012,FALSE,GENE,HYPO
PCDHGB1,56104,0.089431001,-39.84938012,FALSE,GENE,HYPO
PCDHGB2,56103,-0.132342566,-39.84938012,FALSE,GENE,HYPO
PCDHGB4,8641,0.065340066,-39.84938012,FALSE,GENE,HYPO
PCDHGB5,56101,-0.069671795,-39.84938012,FALSE,GENE,HYPO
PCDHGC3,5098,-0.123702176,-39.99120788,TRUE,GENE,HYPO
PCP4L1,654790,-0.061995722,-50.41208198,FALSE,GENE,HYPO
PDE4DIP,9659,-0.52074789,-56.64221564,FALSE,GENE,HYPO
PDZD4,57595,-0.102561691,-48.39209143,FALSE,GENE,HYPO
PFKFB3,5209,0.921442836,-49.26686319,FALSE,GENE,HYPO
PGPEP1,54858,-0.195447971,-32.52887293,FALSE,GENE,HYPO
PHACTR1,221692,0.554140896,-58.37427452,FALSE,GENE,HYPO
PHLDB3,653583,0.008890347,-82.85634454,FALSE,GENE,HYPO
PHPT1,29085,0.199105563,-36.37699508,FALSE,GENE,HYPO
PIP5K1C,23396,0.100138495,-27.33498299,FALSE,GENE,HYPO
PITX1,5307,-0.188797732,-35.52477903,FALSE,GENE,HYPO
PKD1,5310,-0.207479752,-37.06021209,TRUE,GENE,HYPO
PKD1L1,168507,-0.394777463,-30.3802063,FALSE,GENE,HYPO
PKN1,5585,-0.103067623,-42.30522569,FALSE,GENE,HYPO
PKP3,11187,0.002803345,-32.86268354,FALSE,GENE,HYPO
PLCD1,5333,-0.370382527,-46.60385532,TRUE,GENE,HYPO
PLD3,23646,-0.026734585,-72.9375298,FALSE,GENE,HYPO
PLEC,5339,-0.209596204,-36.71544029,FALSE,GENE,HYPO
PLEKHG4B,153478,-0.237329864,-29.05146644,FALSE,GENE,HYPO
PLEKHG5,57449,0.566023157,-37.47097531,FALSE,GENE,HYPO
PLIN3,10226,0.052273607,-34.42738534,FALSE,GENE,HYPO
PLIN4,729359,-0.322745674,-39.11338713,FALSE,GENE,HYPO
PLXND1,23129,0.026839466,-21.14288771,FALSE,GENE,HYPO
PMEPA1,56937,-0.216520481,-40.71558112,FALSE,GENE,HYPO
PPP1R13L,10848,-0.102884122,-49.63339758,FALSE,GENE,HYPO
PPP1R16A,84988,0.000481926,-45.34343331,FALSE,GENE,HYPO
PPP2R2C,5522,1.023973817,-48.99188112,TRUE,GENE,HYPO
PPP2R5C,5527,-0.087102299,-22.75572402,TRUE,GENE,HYPO
PRKAG2,51422,0.504589799,-38.24883053,FALSE,GENE,HYPO
PRKCZ,5590,-0.124120346,-30.66407723,FALSE,GENE,HYPO
PRRT3,285368,-0.180862387,-28.37504625,FALSE,GENE,HYPO
PSENEN,55851,0.17715813,-50.00458615,FALSE,GENE,HYPO
PSMA1,5682,-0.001308562,-91.00638623,FALSE,GENE,HYPO
PSTPIP2,9050,0.177802115,-71.28166878,FALSE,GENE,HYPO
PTDSS2,81490,-0.009904199,-35.15149482,FALSE,GENE,HYPO
PTGER4,5734,-0.207352944,-38.15288955,FALSE,GENE,HYPO
PTK6,5753,-0.169273599,-41.83161224,FALSE,GENE,HYPO
PTPN18,26469,0.199858996,-86.42275015,FALSE,GENE,HYPO
PTPRF,5792,-0.254761476,-41.17362451,FALSE,GENE,HYPO
PTRF,284119,-0.28924415,-66.08199575,FALSE,GENE,HYPO
PXDN,7837,-0.192098587,-27.91859462,FALSE,GENE,HYPO
RAB11FIP3,9727,0.037493011,-22.38912454,FALSE,GENE,HYPO
RAB11FIP4,84440,0.008601799,-30.37279853,FALSE,GENE,HYPO
RAD52,5893,-0.098483214,-44.58462027,FALSE,GENE,HYPO
SOX9,6662,-0.756149295,-41.04101745,FALSE,INTRON,HYPO
RARA,5914,1.049890223,-63.4027216,FALSE,GENE,HYPO
RARG,5916,-0.307687946,-34.64927151,FALSE,GENE,HYPO
RASA3,22821,0.359385622,-24.14788351,FALSE,GENE,HYPO
RASSF1,11186,-0.034992993,-60.39700489,TRUE,GENE,HYPO
RASSF7,8045,-0.085548492,-55.01043813,FALSE,GENE,HYPO
RBM38,55544,-0.033856705,-36.52081128,TRUE,GENE,HYPO
RFX1,5989,-0.052751252,-23.0091664,FALSE,GENE,HYPO
RFX2,5990,-0.055788744,-23.7871931,FALSE,GENE,HYPO
RGS3,5998,-0.101738324,-35.12352569,FALSE,GENE,HYPO
RHPN2,85415,0.000514162,-56.86003428,FALSE,GENE,HYPO
RNF123,63891,-0.114482719,-40.20952855,FALSE,GENE,HYPO
RNF166,115992,-0.056452342,-50.02024421,FALSE,GENE,HYPO
RNF216,54476,-0.013330239,-29.94222626,FALSE,GENE,HYPO
RNF220,55182,0.152877099,-57.89769389,FALSE,GENE,HYPO
RNF223,401934,1.285486473,-40.74508431,FALSE,GENE,HYPO
RPTOR,57521,-0.033989437,-54.34956327,FALSE,GENE,HYPO
RSRC1,51319,-0.12982439,-37.20832739,FALSE,GENE,HYPO
RTN4RL1,146760,-0.10395586,-39.56997102,FALSE,GENE,HYPO
RUNX2,860,0.706927275,-55.49621835,TRUE,GENE,HYPO
RXRA,6256,-0.460970673,-85.12155653,FALSE,GENE,HYPO
SAMD11,148398,0.026205418,-33.32393582,FALSE,GENE,HYPO
SBNO2,22904,0.00561285,-58.82844246,FALSE,GENE,HYPO
SCHIP1,29970,-0.315496039,-33.60246934,FALSE,GENE,HYPO
SDC3,9672,-0.194981489,-42.61618865,FALSE,GENE,HYPO
SDCCAG8,10806,0.048975503,-44.75063262,FALSE,GENE,HYPO
SEC14L5,9717,-0.198945012,-52.90242639,FALSE,GENE,HYPO
SEC31B,25956,-0.38262699,-34.44055956,FALSE,GENE,HYPO
SEMA3B,7869,-0.145706025,-31.63113945,TRUE,GENE,HYPO
SEMA6A,57556,1.063865525,-24.36028222,FALSE,GENE,HYPO
SEMA6C,10500,-0.365137931,-40.97517027,FALSE,GENE,HYPO
SEZ6L2,26470,-0.077175378,-32.66248997,FALSE,GENE,HYPO
SF3B2,10992,0.059847241,-31.76747835,FALSE,GENE,HYPO
SH2B3,10019,-0.096196775,-47.31278336,TRUE,GENE,HYPO
SH2D3A,10045,-0.048872867,-54.51336364,FALSE,GENE,HYPO
SH3BGRL3,83442,0.066536954,-20.97947019,FALSE,GENE,HYPO
SH3GL1,6455,-0.018432977,-40.52442797,FALSE,GENE,HYPO
SHANK2,22941,-0.077949029,-48.49541379,FALSE,GENE,HYPO
SHROOM1,134549,0.078658613,-27.77581878,FALSE,GENE,HYPO
SIM2,6493,0.042284812,-50.20408702,FALSE,GENE,HYPO
SIPA1,6494,-0.236403673,-66.08426884,FALSE,GENE,HYPO
SIX4,51804,0.032118273,-40.02285079,FALSE,GENE,HYPO
SKAP2,8935,-0.504199062,-29.85810004,FALSE,GENE,HYPO
SKI,6497,-0.053858019,-27.56771325,FALSE,GENE,HYPO
SLC12A8,84561,0.086740887,-49.68479373,FALSE,GENE,HYPO
SLC16A3,9123,-0.047936367,-47.79739291,FALSE,GENE,HYPO
SLC16A8,23539,-0.190400806,-34.14281913,FALSE,GENE,HYPO
SLC27A3,11000,-0.233847913,-89.025963,FALSE,GENE,HYPO
SLC2A4RG,56731,-0.190465102,-44.82515353,FALSE,GENE,HYPO
SLC4A11,83959,0.094668669,-42.42861942,FALSE,GENE,HYPO
SLC6A17,388662,-0.026249472,-22.70602702,FALSE,GENE,HYPO
SLC9A3,6550,-0.185072103,-41.33561374,FALSE,GENE,HYPO
SLC9A3R2,9351,-0.094868395,-27.93733395,FALSE,GENE,HYPO
SLFN13,146857,-0.134690796,-44.94902437,FALSE,GENE,HYPO
SMTN,6525,-0.263770423,-90.54259312,FALSE,GENE,HYPO
SND1,27044,0.053413918,-40.34106712,FALSE,GENE,HYPO
SOD3,6649,-0.070355523,-51.07076522,FALSE,GENE,HYPO
SORBS2,8470,-0.21701371,-46.25532391,FALSE,GENE,HYPO
SOX2,6657,-0.69353574,-78.45753486,FALSE,GENE,HYPO
SOX9,6662,-0.756149295,-31.70645774,FALSE,PROMOTER,HYPO
FLT4,2324,1.592679078,-45.82208431,FALSE,GENE,HYPO
SPATC1,375686,-0.311822651,-35.60566312,FALSE,GENE,HYPO
SPATS2L,26010,0.111919613,-82.14482736,FALSE,GENE,HYPO
SPTBN4,57731,0.172530043,-33.13264163,FALSE,GENE,HYPO
SPTBN5,51332,-0.151387967,-24.32398157,FALSE,GENE,HYPO
SRC,6714,0.017397819,-44.59317435,FALSE,GENE,HYPO
SRCIN1,80725,-0.155250248,-32.28664639,FALSE,GENE,HYPO
SRGAP3,9901,0.285879604,-39.74557463,TRUE,GENE,HYPO
SRP68,6730,0.028153824,-46.20936949,FALSE,GENE,HYPO
SRRM3,222183,0.308499697,-61.4672315,FALSE,GENE,HYPO
SSBP4,170463,0.239689087,-49.50640144,FALSE,GENE,HYPO
SSPO,23145,-0.361801309,-34.74604855,FALSE,GENE,HYPO
ST14,6768,-0.083397547,-35.78398792,FALSE,GENE,HYPO
STAP2,55620,0.133426414,-76.95768794,FALSE,GENE,HYPO
STK3,6788,-0.104124985,-27.31392121,FALSE,GENE,HYPO
STX1A,6804,0.444840038,-40.01647535,FALSE,GENE,HYPO
SYMPK,8189,0.060566225,-68.36125267,FALSE,GENE,HYPO
SYNPO,11346,-0.163133994,-32.37280769,FALSE,GENE,HYPO
SYT15,83849,-0.347355554,-36.43257677,FALSE,GENE,HYPO
SYT7,9066,-0.144718601,-41.91696076,FALSE,GENE,HYPO
SYTL1,84958,-0.147646776,-30.99324002,FALSE,GENE,HYPO
TACC1,6867,-0.337665047,-42.28628729,FALSE,GENE,HYPO
TACC2,10579,-0.52557754,-48.40942256,FALSE,GENE,HYPO
TAGLN2,8407,0.04389796,-33.17792295,FALSE,GENE,HYPO
TFAP2A,7020,-0.296032053,-37.49260357,TRUE,GENE,HYPO
TFAP2C,7022,0.141160852,-46.24482246,FALSE,GENE,HYPO
THAP4,51078,0.151769165,-58.17976835,FALSE,GENE,HYPO
TIGD5,84948,0.091761141,-31.37440188,FALSE,GENE,HYPO
TIMP2,7077,-0.170925242,-49.65855301,FALSE,GENE,HYPO
TLE3,7090,-0.314659534,-30.94722069,FALSE,GENE,HYPO
TMC6,11322,-0.2590275,-29.89429158,FALSE,GENE,HYPO
TMPRSS2,7113,-0.371890246,-37.10153712,FALSE,GENE,HYPO
TNFRSF6B,8771,-0.022326629,-30.67185787,FALSE,GENE,HYPO
TNK1,8711,-0.097944738,-43.67615172,TRUE,GENE,HYPO
TNK2,10188,-0.055032917,-28.192283,FALSE,GENE,HYPO
TONSL,4796,0.014302548,-45.44338464,FALSE,GENE,HYPO
TP73,7161,-0.139895618,-49.94382261,TRUE,GENE,HYPO
TP73-AS1,57212,-0.160721861,-48.82797775,FALSE,GENE,HYPO
TPM2,7169,-0.097999507,-51.74954129,FALSE,GENE,HYPO
TPM4,7171,-0.256689806,-84.29556094,FALSE,GENE,HYPO
TPO,7173,-0.237134683,-39.6847374,FALSE,GENE,HYPO
TRABD,80305,0.068937714,-35.62186201,FALSE,GENE,HYPO
TRADD,8717,-0.031103821,-52.90297871,FALSE,GENE,HYPO
TRAPPC9,83696,-0.05243848,-34.52391662,FALSE,GENE,HYPO
TRIL,9865,-0.518137952,-21.58523424,FALSE,GENE,HYPO
TRIM29,23650,-0.216397388,-28.36817692,FALSE,GENE,HYPO
TRIM36,55521,-0.053981455,-23.20929182,FALSE,GENE,HYPO
TRIM47,91107,0.073588016,-29.31982038,FALSE,GENE,HYPO
TRIM59,286827,-0.17570011,-28.51947848,FALSE,GENE,HYPO
TRIM65,201292,-0.00000106,-25.30871054,FALSE,GENE,HYPO
TRPM2,7226,0.175997828,-29.89411485,FALSE,GENE,HYPO
TSPAN4,7106,-0.046174844,-29.02762145,FALSE,GENE,HYPO
TTC28,23331,-0.038529103,-82.41066818,FALSE,GENE,HYPO
TTC7A,57217,-0.168774396,-40.91973244,FALSE,GENE,HYPO
TTF1,7270,-0.019971599,-40.25014557,TRUE,GENE,HYPO
TUBB2B,347733,0.149376035,-44.96313985,FALSE,GENE,HYPO
TUBB6,84617,0.016901163,-44.15350737,FALSE,GENE,HYPO
TXNDC12,51060,0.164848059,-29.48823059,FALSE,GENE,HYPO
FLT4,2324,1.592679078,-61.0401593,FALSE,INTRON,HYPO
TXNRD2,10587,-0.017421065,-58.0053045,FALSE,GENE,HYPO
UBTF,7343,-0.096080067,-66.10702671,FALSE,GENE,HYPO
UCKL1,54963,0.038683397,-32.07992688,FALSE,GENE,HYPO
USF2,7392,0.037884258,-67.97764736,FALSE,GENE,HYPO
USP4,7375,-0.064820303,-56.08566124,FALSE,GENE,HYPO
VAV1,7409,-0.337160808,-46.63270064,FALSE,GENE,HYPO
VPS28,51160,0.034071864,-45.44338464,FALSE,GENE,HYPO
VSIG10L,147645,-0.018021441,-72.72743942,FALSE,GENE,HYPO
WDR24,84219,-0.085883553,-42.89233877,FALSE,GENE,HYPO
WNT7B,7477,-0.353900458,-64.66521231,FALSE,GENE,HYPO
WRAP73,49856,-0.106328796,-52.82505523,FALSE,GENE,HYPO
YDJC,150223,0.359820118,-46.22628313,FALSE,GENE,HYPO
ZADH2,284273,0.10947177,-28.71853252,FALSE,GENE,HYPO
ZBED4,9889,0.017128081,-53.01105686,FALSE,GENE,HYPO
ZBTB7A,51341,-0.10535132,-24.21042534,FALSE,GENE,HYPO
ZC3H3,23144,0.030319221,-30.60330099,FALSE,GENE,HYPO
ZFHX3,463,-0.287692071,-32.30672925,TRUE,GENE,HYPO
ZFPM1,161882,0.331788089,-29.66903419,FALSE,GENE,HYPO
ZFYVE28,57732,0.605790828,-41.25566356,FALSE,GENE,HYPO
ZMIZ1,57178,0.850411083,-24.92512744,FALSE,GENE,HYPO
ZNF185,7739,-0.134391453,-49.18589897,TRUE,GENE,HYPO
ZNF292,23036,-0.196932939,-66.30173196,TRUE,GENE,HYPO
ZNF462,58499,-0.112324691,-62.57521659,FALSE,GENE,HYPO
ZNF497,162968,-0.106028478,-24.8301556,FALSE,GENE,HYPO
ZNF503,84858,-0.505002599,-66.86017617,FALSE,GENE,HYPO
FLT4,2324,1.592679078,-30.60400933,FALSE,3-UTR,HYPO
ZSCAN18,65982,0.015779636,-34.10679823,FALSE,GENE,HYPO
ZSWIM6,57688,0.285077113,-23.08778566,FALSE,GENE,HYPO
ABCA2,20,-0.11479586,-23.85039095,FALSE,INTRON,HYPO
ABR,29,-0.117326773,-60.45321772,FALSE,INTRON,HYPO
ACSF2,80221,-0.123777419,-54.63233287,FALSE,INTRON,HYPO
ADAMTS13,11093,-0.212564847,-50.99924166,FALSE,INTRON,HYPO
ADAP1,11033,0.075773686,-39.83505708,FALSE,INTRON,HYPO
AGRN,375790,-0.272696369,-49.67529004,FALSE,INTRON,HYPO
AHNAK2,113146,0.108875411,-46.1296698,FALSE,INTRON,HYPO
AIF1L,83543,0.080779343,-37.85165525,FALSE,INTRON,HYPO
AK8,158067,0.304453609,-28.12646783,FALSE,INTRON,HYPO
AKAP12,9590,-0.186035241,-76.70346991,TRUE,INTRON,HYPO
ALDH1A3,220,-0.11811304,-39.48608343,FALSE,INTRON,HYPO
AMH,268,-0.217192925,-28.76373405,TRUE,INTRON,HYPO
AMOTL1,154810,0.282254777,-28.57045839,FALSE,INTRON,HYPO
RAPGEFL1,51195,1.599391525,-75.3130571,FALSE,CDS,HYPO
ANAPC2,29882,-0.155369844,-26.7167173,FALSE,INTRON,HYPO
ANKRD13B,124930,0.416378334,-41.07149689,FALSE,INTRON,HYPO
APBB2,323,-0.143767108,-76.57235035,FALSE,INTRON,HYPO
ARHGAP23,57636,-0.013949517,-53.2882307,FALSE,INTRON,HYPO
ARHGEF10,9639,-0.16953385,-34.74709973,FALSE,INTRON,HYPO
ARHGEF10L,55160,0.281087372,-35.13386622,FALSE,INTRON,HYPO
ARHGEF16,27237,-0.164899089,-24.58806768,FALSE,INTRON,HYPO
ARHGEF7,8874,-0.143467191,-55.13856251,FALSE,INTRON,HYPO
ARID3A,1820,-0.269372533,-68.71735902,FALSE,INTRON,HYPO
ARSD,414,-0.138073249,-66.6755413,FALSE,INTRON,HYPO
ASPSCR1,79058,-0.00743229,-37.63128162,FALSE,INTRON,HYPO
ASTN2,23245,-0.061584461,-37.98109666,FALSE,INTRON,HYPO
ATP10A,57194,0.704650049,-30.45725822,FALSE,INTRON,HYPO
ATP11B,23200,-0.092136222,-61.40245585,FALSE,INTRON,HYPO
BAI2,576,0.1680149,-39.15435951,FALSE,INTRON,HYPO
BAIAP2,10458,-0.159398593,-34.13787072,FALSE,INTRON,HYPO
BCL6,604,0.107292665,-27.02941956,FALSE,INTRON,HYPO
BCOR,54880,0.079154766,-31.68522223,FALSE,INTRON,HYPO
BSG,682,0.070130632,-47.78049076,FALSE,INTRON,HYPO
C11orf35,256329,-0.312886997,-62.70396648,FALSE,INTRON,HYPO
C20orf112,140688,0.30834726,-65.9304751,FALSE,INTRON,HYPO
C6orf132,647024,0.07745233,-48.74119203,FALSE,INTRON,HYPO
C7orf50,84310,-0.063501721,-34.34782202,FALSE,INTRON,HYPO
CABIN1,23523,-0.090754052,-29.86416116,FALSE,INTRON,HYPO
RAPGEFL1,51195,1.599391525,-75.3130571,FALSE,GENE,HYPO
CARS2,79587,0.137909125,-35.9562694,FALSE,INTRON,HYPO
CASZ1,54897,-0.243147803,-29.03453378,FALSE,INTRON,HYPO
CBFA2T3,863,0.606583856,-32.87064241,TRUE,INTRON,HYPO
CBS,875,0.222718418,-31.82086538,FALSE,INTRON,HYPO
CCDC12,151903,0.039765409,-24.47557034,FALSE,INTRON,HYPO
CCDC85C,317762,-0.126813283,-27.99771656,FALSE,INTRON,HYPO
CCL28,56477,0.26752152,-57.68293487,FALSE,INTRON,HYPO
CD81,975,-0.036621939,-27.83029225,FALSE,INTRON,HYPO
CELSR1,9620,0.678571181,-34.01871833,FALSE,INTRON,HYPO
CFD,1675,0.0335496,-40.11382943,FALSE,INTRON,HYPO
CHST11,50515,-0.0658833,-65.31381625,FALSE,INTRON,HYPO
CIT,11113,-0.273824027,-25.58439412,FALSE,INTRON,HYPO
CKB,1152,0.042528029,-46.98724902,FALSE,INTRON,HYPO
COL18A1,80781,-0.213074044,-72.71317241,FALSE,INTRON,HYPO
COL7A1,1294,-0.059597304,-59.4134844,FALSE,INTRON,HYPO
CPAMD8,27151,-0.142109419,-47.79798902,FALSE,INTRON,HYPO
CPNE7,27132,0.063660125,-39.54721427,TRUE,INTRON,HYPO
CRIP2,1397,0.008596528,-29.34148576,FALSE,INTRON,HYPO
CRLF1,9244,-0.03591928,-45.53096453,FALSE,INTRON,HYPO
CTBP2,1488,0.365804768,-38.03202473,FALSE,INTRON,HYPO
CUX1,1523,0.018130813,-37.87475785,TRUE,INTRON,HYPO
CUX2,23316,0.169286571,-32.31825562,FALSE,INTRON,HYPO
DAB2IP,153090,-0.220560244,-27.0232824,TRUE,INTRON,HYPO
DAGLA,747,0.018901454,-39.3583141,FALSE,INTRON,HYPO
DDHD1,80821,0.175184137,-24.48800948,FALSE,INTRON,HYPO
DNM2,1785,-0.045274531,-31.97210258,FALSE,INTRON,HYPO
DOT1L,84444,0.067215281,-27.27225786,FALSE,INTRON,HYPO
DUSP8,1850,-0.386819425,-49.37952569,FALSE,INTRON,HYPO
DVL1,1855,0.065926246,-25.01159956,FALSE,INTRON,HYPO
EBF4,57593,-0.296729458,-39.07501616,FALSE,INTRON,HYPO
ECE2,9718,0.537223092,-27.08490367,FALSE,INTRON,HYPO
EEF1A2,1917,0.05817508,-25.38852702,FALSE,INTRON,HYPO
EGFR,1956,-0.355936176,-70.88277555,FALSE,INTRON,HYPO
EHD1,10938,0.192037695,-55.06040059,FALSE,INTRON,HYPO
EPHA10,284656,0.168322614,-60.41762768,FALSE,INTRON,HYPO
RAPGEFL1,51195,1.599391525,-75.3130571,FALSE,INTRON,HYPO
EPS8L1,54869,-0.238638954,-45.06353493,FALSE,INTRON,HYPO
EPS8L2,64787,-0.228907904,-46.62976311,FALSE,INTRON,HYPO
ESPN,83715,-0.1424028,-77.03061821,FALSE,INTRON,HYPO
ESPNP,284729,0.020589448,-37.45639642,FALSE,INTRON,HYPO
EVC,2121,-0.153327334,-35.37099141,FALSE,INTRON,HYPO
EXT1,2131,-0.252138458,-34.13500131,TRUE,INTRON,HYPO
FADS2,9415,-0.015492311,-63.35010187,FALSE,INTRON,HYPO
FAM131A,131408,-0.097571925,-26.74217426,FALSE,INTRON,HYPO
FAM172A,83989,-0.172384871,-82.09614533,TRUE,INTRON,HYPO
FAM193A,8603,0.076357293,-37.02173805,FALSE,INTRON,HYPO
FAM65A,79567,0.007999071,-55.94465913,FALSE,INTRON,HYPO
FBRSL1,57666,0.089183822,-39.51172383,FALSE,INTRON,HYPO
FBXL16,146330,-0.220730333,-42.89233877,FALSE,INTRON,HYPO
FBXO17,115290,0.084880883,-40.66829548,FALSE,INTRON,HYPO
FEZ1,9638,-0.199738688,-75.74071797,FALSE,INTRON,HYPO
FGFRL1,53834,0.368470915,-71.56145943,FALSE,INTRON,HYPO
FLJ22184,80164,0.004758732,-83.15488884,FALSE,INTRON,HYPO
GPR132,29933,1.623213762,-31.34405477,FALSE,GENE,HYPO
FOXP4,116113,-0.083398305,-29.63964799,FALSE,INTRON,HYPO
FRMD3,257019,0.081224279,-50.15089433,FALSE,INTRON,HYPO
FRMD4A,55691,-0.184673887,-40.44819513,FALSE,INTRON,HYPO
FRMD6,122786,-0.520569875,-45.14555243,FALSE,INTRON,HYPO
GABBR1,2550,-0.069364246,-57.99470389,FALSE,INTRON,HYPO
GAS6,2621,0.391967256,-40.66698002,FALSE,INTRON,HYPO
GAS7,8522,-0.301474207,-44.11150911,FALSE,INTRON,HYPO
GATA2,2624,0.215338582,-52.16326587,FALSE,INTRON,HYPO
GFM1,85476,0.016573578,-59.70629044,FALSE,INTRON,HYPO
GLI3,2737,0.322853784,-57.79304029,FALSE,INTRON,HYPO
GMDS,2762,0.011234952,-36.63975715,FALSE,INTRON,HYPO
GNA12,2768,0.056602495,-21.91028206,FALSE,INTRON,HYPO
GNAS,2778,0.08109913,-37.33292484,FALSE,INTRON,HYPO
GOLGA8A,23015,-0.179358666,-82.66763848,FALSE,INTRON,HYPO
GPNMB,10457,0.000629488,-32.97884209,FALSE,INTRON,HYPO
GPR132,29933,1.623213762,-31.34405477,FALSE,INTRON,HYPO
GPR158,57512,0.27140083,-56.82925531,FALSE,INTRON,HYPO
GPR176,11245,0.003652841,-59.54590237,FALSE,INTRON,HYPO
GPSM1,26086,0.115270815,-32.82965856,FALSE,INTRON,HYPO
GRIK3,2899,1.342395877,-35.98212588,FALSE,INTRON,HYPO
GRIN1,2902,-0.196064615,-53.75518748,FALSE,INTRON,HYPO
GSN,2934,0.06776126,-23.26307212,TRUE,INTRON,HYPO
GTF2IRD1,9569,-0.382671374,-52.32609212,FALSE,INTRON,HYPO
HMHA1,23526,-0.150368575,-41.90195264,FALSE,INTRON,HYPO
HOOK2,29911,-0.194673188,-63.26515396,FALSE,INTRON,HYPO
HOTAIR,100124700,-0.261564864,-57.23842793,FALSE,INTRON,HYPO
HOXC4,3221,0.176800299,-51.97728771,FALSE,INTRON,HYPO
HOXC5,3222,0.260637559,-54.29758612,FALSE,INTRON,HYPO
HSF4,3299,-0.028734434,-46.31514977,FALSE,INTRON,HYPO
IDUA,3425,0.034728665,-54.52781634,FALSE,INTRON,HYPO
IFFO2,126917,-0.15681073,-42.07916015,FALSE,INTRON,HYPO
IGDCC3,9543,-0.280817443,-36.39451343,FALSE,INTRON,HYPO
IL17RA,23765,0.023046234,-36.15939339,FALSE,INTRON,HYPO
INF2,64423,-0.054086309,-26.64145178,FALSE,INTRON,HYPO
IQSEC1,9922,-0.187437543,-26.25655818,FALSE,INTRON,HYPO
IRF7,3665,-0.213602795,-31.81232192,FALSE,INTRON,HYPO
ITGB4,3691,-0.21483989,-66.85007357,FALSE,INTRON,HYPO
ITPKA,3706,-0.548476695,-33.10893082,FALSE,INTRON,HYPO
ITPKB,3707,-0.607282451,-28.13396578,FALSE,INTRON,HYPO
KAZN,23254,0.309553146,-32.74201897,FALSE,INTRON,HYPO
KCNC3,3748,-0.145266227,-21.819098,FALSE,INTRON,HYPO
KDM2B,84678,0.058229278,-29.91846948,FALSE,INTRON,HYPO
KIFC3,3801,-0.557476557,-92.7335788,FALSE,INTRON,HYPO
KLF4,9314,0.114718849,-32.40695832,TRUE,INTRON,HYPO
KLF6,1316,-0.062052464,-28.39037746,TRUE,INTRON,HYPO
KLHDC4,54758,0.129358023,-42.23399522,FALSE,INTRON,HYPO
LAMA3,3909,0.229670114,-32.66321173,FALSE,INTRON,HYPO
LAMA5,3911,-0.364109923,-40.98937182,FALSE,INTRON,HYPO
LAMB1,3912,-0.359676751,-43.79309458,FALSE,INTRON,HYPO
LIME1,54923,-0.222322371,-58.34534634,FALSE,INTRON,HYPO
LIMS1,3987,0.069864878,-21.13608798,FALSE,INTRON,HYPO
LMF1,64788,-0.027180229,-47.69758307,FALSE,INTRON,HYPO
LMX1B,4010,0.620776249,-52.51876351,FALSE,INTRON,HYPO
LOC146880,146880,-0.288690748,-48.29970704,FALSE,INTRON,HYPO
LOC400655,400655,-0.189706664,-26.73152328,FALSE,INTRON,HYPO
LRRC8D,55144,0.166965068,-74.0156133,FALSE,INTRON,HYPO
LRRK1,79705,-0.209841649,-33.15331068,FALSE,INTRON,HYPO
LTBP4,8425,0.23489294,-48.06984169,FALSE,INTRON,HYPO
MACROD1,28992,-0.034582798,-44.72536944,FALSE,INTRON,HYPO
MAEA,10296,0.08512202,-36.71722844,FALSE,INTRON,HYPO
MAFG,4097,-0.228193353,-43.38520677,FALSE,INTRON,HYPO
MAGI1,9223,0.091420941,-39.27165049,FALSE,INTRON,HYPO
MAN1C1,57134,1.065965218,-37.18973993,FALSE,INTRON,HYPO
MAP3K6,9064,-0.070448167,-33.45769508,FALSE,INTRON,HYPO
MCAM,4162,0.101685049,-34.6639725,FALSE,INTRON,HYPO
MCF2L,23263,0.063613874,-32.93316637,FALSE,INTRON,HYPO
MCFD2,90411,-0.131130483,-40.91973244,FALSE,INTRON,HYPO
MDGA2,161357,-0.128011783,-42.05463587,FALSE,INTRON,HYPO
MEGF6,1953,-0.12598446,-52.76575902,FALSE,INTRON,HYPO
MFSD7,84179,-0.190387938,-29.83741431,FALSE,INTRON,HYPO
MGA,23269,-0.002919514,-81.6091954,FALSE,INTRON,HYPO
MKX,283078,-0.092912198,-37.79793131,FALSE,INTRON,HYPO
MOB2,81532,0.115991246,-49.37952569,FALSE,INTRON,HYPO
MSI1,4440,0.019408007,-67.04160618,FALSE,INTRON,HYPO
MXRA8,54587,-0.105916496,-34.76466631,FALSE,INTRON,HYPO
MYH14,79784,-0.163847203,-38.58398226,FALSE,INTRON,HYPO
MYLK,4638,-0.527993636,-25.94990714,FALSE,INTRON,HYPO
NAPRT1,93100,-0.15458142,-51.31841029,FALSE,INTRON,HYPO
NBL1,4681,0.432621708,-26.13218424,FALSE,INTRON,HYPO
NCOR2,9612,-0.127798452,-50.47476748,FALSE,INTRON,HYPO
NFATC1,4772,0.143473408,-38.21084464,FALSE,INTRON,HYPO
NFIC,4782,0.205803095,-84.50751153,FALSE,INTRON,HYPO
NFIL3,4783,-0.080632104,-46.47670736,FALSE,INTRON,HYPO
NFIX,4784,0.051202475,-34.05866686,FALSE,INTRON,HYPO
NGEF,25791,-0.146251661,-73.19142249,FALSE,INTRON,HYPO
NMNAT2,23057,0.141637702,-49.3590446,FALSE,INTRON,HYPO
NOXA1,10811,-0.03740272,-22.66493818,FALSE,INTRON,HYPO
NPAS1,4861,0.016554689,-75.12736889,FALSE,INTRON,HYPO
NR2F6,2063,-0.071936616,-55.18562912,FALSE,INTRON,HYPO
NR3C1,2908,-0.441773335,-39.50238217,FALSE,INTRON,HYPO
NTN1,9423,0.439825546,-54.94423792,FALSE,INTRON,HYPO
NXPH4,11247,0.17981978,-53.5581224,FALSE,INTRON,HYPO
OBSCN,84033,-0.171756765,-23.07799897,FALSE,INTRON,HYPO
ODC1,4953,0.0295464,-66.57817117,FALSE,INTRON,HYPO
AMZ1,155185,1.675670172,-38.73545615,FALSE,GENE,HYPO
OPLAH,26873,-0.112644496,-26.33456897,FALSE,INTRON,HYPO
P2RY6,5031,-0.221157512,-43.45350756,FALSE,INTRON,HYPO
PACS2,23241,0.005789789,-55.92402649,FALSE,INTRON,HYPO
PALLD,23022,-0.022134713,-53.14379533,FALSE,INTRON,HYPO
PARP10,84875,-0.243781513,-29.86879729,FALSE,INTRON,HYPO
PAX9,5083,0.191907287,-45.09003136,FALSE,INTRON,HYPO
PCDHA1,56147,-0.039671138,-27.02575997,FALSE,INTRON,HYPO
PCDHA11,56138,-0.026734981,-27.02575997,FALSE,INTRON,HYPO
PCDHA3,56145,0.016424713,-27.02575997,FALSE,INTRON,HYPO
PCDHA4,56144,-0.201539535,-27.02575997,FALSE,INTRON,HYPO
PCDHA5,56143,-0.111408268,-27.02575997,FALSE,INTRON,HYPO
PCDHGA1,56114,-0.032532794,-39.84938012,FALSE,INTRON,HYPO
PCDHGA10,56106,-0.054010587,-39.99120788,FALSE,INTRON,HYPO
PCDHGA6,56109,0.011789255,-39.84938012,FALSE,INTRON,HYPO
PCDHGA7,56108,-0.053803968,-39.84938012,FALSE,INTRON,HYPO
PCDHGB1,56104,0.089431001,-39.84938012,FALSE,INTRON,HYPO
PCDHGB2,56103,-0.132342566,-39.84938012,FALSE,INTRON,HYPO
PCDHGB4,8641,0.065340066,-39.84938012,FALSE,INTRON,HYPO
PCDHGB5,56101,-0.069671795,-39.84938012,FALSE,INTRON,HYPO
PCDHGC3,5098,-0.123702176,-39.99120788,TRUE,INTRON,HYPO
PCP4L1,654790,-0.061995722,-50.41208198,FALSE,INTRON,HYPO
PDE4DIP,9659,-0.52074789,-55.79743494,FALSE,INTRON,HYPO
PDZD4,57595,-0.102561691,-60.31666569,FALSE,INTRON,HYPO
PFKFB3,5209,0.921442836,-49.26686319,FALSE,INTRON,HYPO
PGPEP1,54858,-0.195447971,-32.52887293,FALSE,INTRON,HYPO
PHACTR1,221692,0.554140896,-55.98127433,FALSE,INTRON,HYPO
PIP5K1C,23396,0.100138495,-27.33498299,FALSE,INTRON,HYPO
PKD1,5310,-0.207479752,-37.06021209,TRUE,INTRON,HYPO
PKD1L1,168507,-0.394777463,-30.3802063,FALSE,INTRON,HYPO
PLCD1,5333,-0.370382527,-46.60385532,TRUE,INTRON,HYPO
PLD3,23646,-0.026734585,-72.9375298,FALSE,INTRON,HYPO
PLEC,5339,-0.209596204,-40.13876179,FALSE,INTRON,HYPO
PLIN3,10226,0.052273607,-34.42738534,FALSE,INTRON,HYPO
PLXND1,23129,0.026839466,-21.14288771,FALSE,INTRON,HYPO
PMEPA1,56937,-0.216520481,-40.71558112,FALSE,INTRON,HYPO
PPP1R13L,10848,-0.102884122,-49.63339758,FALSE,INTRON,HYPO
PPP1R16A,84988,0.000481926,-49.81934827,FALSE,INTRON,HYPO
PPP2R2C,5522,1.023973817,-48.99188112,TRUE,INTRON,HYPO
PPP2R5C,5527,-0.087102299,-22.75572402,TRUE,INTRON,HYPO
PRKAG2,51422,0.504589799,-38.24883053,FALSE,INTRON,HYPO
PRKCZ,5590,-0.124120346,-30.66407723,FALSE,INTRON,HYPO
PSTPIP2,9050,0.177802115,-71.28166878,FALSE,INTRON,HYPO
PTDSS2,81490,-0.009904199,-35.15149482,FALSE,INTRON,HYPO
PTK6,5753,-0.169273599,-41.83161224,FALSE,INTRON,HYPO
PTPN18,26469,0.199858996,-79.8681586,FALSE,INTRON,HYPO
PTPRF,5792,-0.254761476,-41.17362451,FALSE,INTRON,HYPO
PTRF,284119,-0.28924415,-66.08199575,FALSE,INTRON,HYPO
PXDN,7837,-0.192098587,-30.75768478,FALSE,INTRON,HYPO
RAB11FIP4,84440,0.008601799,-31.60721195,FALSE,INTRON,HYPO
AMZ1,155185,1.675670172,-38.73545615,FALSE,INTRON,HYPO
RARA,5914,1.049890223,-63.4027216,FALSE,INTRON,HYPO
RARG,5916,-0.307687946,-34.64927151,FALSE,INTRON,HYPO
RASA3,22821,0.359385622,-24.14788351,FALSE,INTRON,HYPO
RFX1,5989,-0.052751252,-23.0091664,FALSE,INTRON,HYPO
RFX2,5990,-0.055788744,-23.7871931,FALSE,INTRON,HYPO
RGS3,5998,-0.101738324,-35.12352569,FALSE,INTRON,HYPO
RNF123,63891,-0.114482719,-40.20952855,FALSE,INTRON,HYPO
RNF166,115992,-0.056452342,-50.02024421,FALSE,INTRON,HYPO
RNF216,54476,-0.013330239,-29.94222626,FALSE,INTRON,HYPO
RNF220,55182,0.152877099,-57.89769389,FALSE,INTRON,HYPO
RPTOR,57521,-0.033989437,-54.34956327,FALSE,INTRON,HYPO
RTN4RL1,146760,-0.10395586,-39.56997102,FALSE,INTRON,HYPO
RUNX2,860,0.706927275,-55.49621835,TRUE,INTRON,HYPO
RXRA,6256,-0.460970673,-85.12155653,FALSE,INTRON,HYPO
SAMD11,148398,0.026205418,-35.89045244,FALSE,INTRON,HYPO
SBNO2,22904,0.00561285,-61.3379194,FALSE,INTRON,HYPO
SCHIP1,29970,-0.315496039,-33.60246934,FALSE,INTRON,HYPO
SDC3,9672,-0.194981489,-42.61618865,FALSE,INTRON,HYPO
SDCCAG8,10806,0.048975503,-44.75063262,FALSE,INTRON,HYPO
SEC14L5,9717,-0.198945012,-52.90242639,FALSE,INTRON,HYPO
SEMA3B,7869,-0.145706025,-31.63113945,TRUE,INTRON,HYPO
SEMA6C,10500,-0.365137931,-40.97517027,FALSE,INTRON,HYPO
SH2B3,10019,-0.096196775,-47.31278336,TRUE,INTRON,HYPO
SH2D3A,10045,-0.048872867,-54.51336364,FALSE,INTRON,HYPO
SH3BGRL3,83442,0.066536954,-20.97947019,FALSE,INTRON,HYPO
SH3GL1,6455,-0.018432977,-40.52442797,FALSE,INTRON,HYPO
SHANK2,22941,-0.077949029,-44.13433576,FALSE,INTRON,HYPO
SHROOM1,134549,0.078658613,-21.12989835,FALSE,INTRON,HYPO
SIM2,6493,0.042284812,-51.07240295,FALSE,INTRON,HYPO
SIPA1,6494,-0.236403673,-80.29320253,FALSE,INTRON,HYPO
SIX4,51804,0.032118273,-40.02285079,FALSE,INTRON,HYPO
SKI,6497,-0.053858019,-27.56771325,FALSE,INTRON,HYPO
SLC12A8,84561,0.086740887,-49.68479373,FALSE,INTRON,HYPO
SLC16A3,9123,-0.047936367,-47.79739291,FALSE,INTRON,HYPO
SLC16A8,23539,-0.190400806,-29.16001632,FALSE,INTRON,HYPO
SLC4A11,83959,0.094668669,-45.44584955,FALSE,INTRON,HYPO
SLC6A17,388662,-0.026249472,-22.70602702,FALSE,INTRON,HYPO
SLC9A3,6550,-0.185072103,-55.61128527,FALSE,INTRON,HYPO
SLC9A3R2,9351,-0.094868395,-27.93733395,FALSE,INTRON,HYPO
SMTN,6525,-0.263770423,-90.54259312,FALSE,INTRON,HYPO
SND1,27044,0.053413918,-40.34106712,FALSE,INTRON,HYPO
SORBS2,8470,-0.21701371,-46.25532391,FALSE,INTRON,HYPO
CACNA1H,8912,1.711252887,-33.01494295,FALSE,CDS,HYPO
SPATS2L,26010,0.111919613,-82.14482736,FALSE,INTRON,HYPO
SPTBN5,51332,-0.151387967,-24.32398157,FALSE,INTRON,HYPO
SRC,6714,0.017397819,-44.59317435,FALSE,INTRON,HYPO
SRCIN1,80725,-0.155250248,-32.28664639,FALSE,INTRON,HYPO
SRGAP3,9901,0.285879604,-49.22269452,TRUE,INTRON,HYPO
SRRM3,222183,0.308499697,-61.4672315,FALSE,INTRON,HYPO
SSBP4,170463,0.239689087,-49.50640144,FALSE,INTRON,HYPO
SSPO,23145,-0.361801309,-34.74604855,FALSE,INTRON,HYPO
ST14,6768,-0.083397547,-35.78398792,FALSE,INTRON,HYPO
STAP2,55620,0.133426414,-76.95768794,FALSE,INTRON,HYPO
STK3,6788,-0.104124985,-26.77600511,FALSE,INTRON,HYPO
STX1A,6804,0.444840038,-40.01647535,FALSE,INTRON,HYPO
SYNPO,11346,-0.163133994,-32.37280769,FALSE,INTRON,HYPO
SYT7,9066,-0.144718601,-41.91696076,FALSE,INTRON,HYPO
SYTL1,84958,-0.147646776,-30.99324002,FALSE,INTRON,HYPO
TACC1,6867,-0.337665047,-42.28628729,FALSE,INTRON,HYPO
TACC2,10579,-0.52557754,-48.40942256,FALSE,INTRON,HYPO
THAP4,51078,0.151769165,-58.17976835,FALSE,INTRON,HYPO
TIMP2,7077,-0.170925242,-49.65855301,FALSE,INTRON,HYPO
TLE3,7090,-0.314659534,-30.94722069,FALSE,INTRON,HYPO
TMC6,11322,-0.2590275,-29.89429158,FALSE,INTRON,HYPO
TNFRSF6B,8771,-0.022326629,-30.67185787,FALSE,INTRON,HYPO
TNK1,8711,-0.097944738,-43.67615172,TRUE,INTRON,HYPO
TNK2,10188,-0.055032917,-28.192283,FALSE,INTRON,HYPO
TP73,7161,-0.139895618,-48.5032063,TRUE,INTRON,HYPO
TPM4,7171,-0.256689806,-84.29556094,FALSE,INTRON,HYPO
TPO,7173,-0.237134683,-39.6847374,FALSE,INTRON,HYPO
TRAPPC9,83696,-0.05243848,-34.52391662,FALSE,INTRON,HYPO
TRIM29,23650,-0.216397388,-28.36817692,FALSE,INTRON,HYPO
TRIM36,55521,-0.053981455,-23.20929182,FALSE,INTRON,HYPO
TRIM47,91107,0.073588016,-29.31982038,FALSE,INTRON,HYPO
TSPAN4,7106,-0.046174844,-29.02762145,FALSE,INTRON,HYPO
TTC28,23331,-0.038529103,-82.41066818,FALSE,INTRON,HYPO
TXNDC12,51060,0.164848059,-29.48823059,FALSE,INTRON,HYPO
CACNA1H,8912,1.711252887,-33.10568305,FALSE,GENE,HYPO
TXNRD2,10587,-0.017421065,-58.0053045,FALSE,INTRON,HYPO
UBTF,7343,-0.096080067,-66.10702671,FALSE,INTRON,HYPO
UCKL1,54963,0.038683397,-32.07992688,FALSE,INTRON,HYPO
VSIG10L,147645,-0.018021441,-79.40979492,FALSE,INTRON,HYPO
WNT7B,7477,-0.353900458,-64.66521231,FALSE,INTRON,HYPO
YDJC,150223,0.359820118,-46.22628313,FALSE,INTRON,HYPO
ZADH2,284273,0.10947177,-28.71853252,FALSE,INTRON,HYPO
ZBTB7A,51341,-0.10535132,-24.21042534,FALSE,INTRON,HYPO
ZC3H3,23144,0.030319221,-30.60330099,FALSE,INTRON,HYPO
ZFHX3,463,-0.287692071,-26.99588477,TRUE,INTRON,HYPO
ZFPM1,161882,0.331788089,-29.66903419,FALSE,INTRON,HYPO
ZFYVE28,57732,0.605790828,-41.25566356,FALSE,INTRON,HYPO
ZMIZ1,57178,0.850411083,-24.92512744,FALSE,INTRON,HYPO
CACNA1H,8912,1.711252887,-33.10568305,FALSE,INTRON,HYPO
ZSCAN18,65982,0.015779636,-34.10679823,FALSE,INTRON,HYPO
A1BG,1,-0.138843027,-24.8301556,FALSE,PROMOTER,HYPO
ABCA2,20,-0.11479586,-25.47662688,FALSE,PROMOTER,HYPO
ABR,29,-0.117326773,-68.56915109,FALSE,PROMOTER,HYPO
ACADS,35,-0.111540036,-37.70151277,FALSE,PROMOTER,HYPO
ACE,1636,-0.303959579,-28.29413707,FALSE,PROMOTER,HYPO
ACTA1,58,0.168478458,-49.83246736,FALSE,PROMOTER,HYPO
ADAMTS13,11093,-0.212564847,-42.01561028,FALSE,PROMOTER,HYPO
ADM2,79924,0.168028351,-26.75942971,FALSE,PROMOTER,HYPO
AKAP12,9590,-0.186035241,-74.10622341,TRUE,PROMOTER,HYPO
AMIGO3,386724,0.059524101,-40.20952855,FALSE,PROMOTER,HYPO
AMOTL1,154810,0.282254777,-27.23871527,FALSE,PROMOTER,HYPO
ANO1,55107,0.308394635,-31.90710608,FALSE,PROMOTER,HYPO
APBB2,323,-0.143767108,-76.57235035,FALSE,PROMOTER,HYPO
ARHGAP27,201176,-0.359160776,-29.36125886,FALSE,PROMOTER,HYPO
ATP11B,23200,-0.092136222,-61.97634358,FALSE,PROMOTER,HYPO
ATP5D,513,0.320970467,-39.20736757,FALSE,PROMOTER,HYPO
ATP9B,374868,0.15405749,-27.40793826,FALSE,PROMOTER,HYPO
BAIAP2L2,80115,-0.131917542,-47.28942801,FALSE,PROMOTER,HYPO
BCAP31,10134,0.002404854,-25.23718937,FALSE,PROMOTER,HYPO
BCL2L11,10018,-0.183003726,-46.46592593,TRUE,PROMOTER,HYPO
BCL6,604,0.107292665,-27.02941956,FALSE,PROMOTER,HYPO
BUB3,9184,-0.117061373,-57.0500618,FALSE,PROMOTER,HYPO
C11orf95,65998,-0.219672491,-55.34238627,FALSE,PROMOTER,HYPO
C16orf91,283951,0.144640891,-34.27047443,FALSE,PROMOTER,HYPO
C3orf62,375341,-0.091477218,-56.08566124,FALSE,PROMOTER,HYPO
C4orf48,401115,0.21082093,-47.35444493,FALSE,PROMOTER,HYPO
C5orf38,153571,0.199682399,-58.1789201,FALSE,PROMOTER,HYPO
CABLES2,81928,0.004161868,-29.30926399,FALSE,PROMOTER,HYPO
CALML4,91860,-0.00834204,-26.13508741,FALSE,PROMOTER,HYPO
CAMK1D,57118,-0.01544493,-73.68915158,FALSE,PROMOTER,HYPO
CBS,875,0.222718418,-62.81658206,FALSE,PROMOTER,HYPO
CDH3,1001,-0.251575756,-52.18767955,FALSE,PROMOTER,HYPO
CFD,1675,0.0335496,-55.39929931,FALSE,PROMOTER,HYPO
CKB,1152,0.042528029,-46.98724902,FALSE,PROMOTER,HYPO
CPNE7,27132,0.063660125,-54.99313119,TRUE,PROMOTER,HYPO
CRLF1,9244,-0.03591928,-59.53301156,FALSE,PROMOTER,HYPO
CTSA,5476,-0.076084597,-43.69526869,FALSE,PROMOTER,HYPO
DAB2IP,153090,-0.220560244,-43.98247667,TRUE,PROMOTER,HYPO
DGCR14,8220,0.001029691,-52.68925735,FALSE,PROMOTER,HYPO
DGKQ,1609,0.092311643,-37.81752189,FALSE,PROMOTER,HYPO
DRAP1,10589,-0.072369181,-66.47711346,FALSE,PROMOTER,HYPO
ECE2,9718,0.537223092,-27.08490367,FALSE,PROMOTER,HYPO
EEF1A2,1917,0.05817508,-20.67223058,FALSE,PROMOTER,HYPO
EEF1D,1936,0.031939623,-31.37440188,FALSE,PROMOTER,HYPO
EFS,10278,-0.193421967,-49.11519722,FALSE,PROMOTER,HYPO
ENDOD1,23052,0.378828553,-32.0256283,FALSE,PROMOTER,HYPO
EPS8L1,54869,-0.238638954,-43.4329983,FALSE,PROMOTER,HYPO
ESPN,83715,-0.1424028,-51.71096004,FALSE,PROMOTER,HYPO
FADS2,9415,-0.015492311,-25.01610189,FALSE,PROMOTER,HYPO
FAM110B,90362,-0.006483471,-34.74496829,FALSE,PROMOTER,HYPO
FAM65A,79567,0.007999071,-61.47528069,FALSE,PROMOTER,HYPO
FGFRL1,53834,0.368470915,-71.56145943,FALSE,PROMOTER,HYPO
FIBP,9158,0.053824925,-50.88361755,FALSE,PROMOTER,HYPO
FOXJ1,2302,0.027622727,-34.07589842,FALSE,PROMOTER,HYPO
FSTL1,11167,-0.376681257,-49.48968692,FALSE,PROMOTER,HYPO
GATA2,2624,0.215338582,-51.82587605,FALSE,PROMOTER,HYPO
GBF1,8729,-0.146255589,-63.42607442,FALSE,PROMOTER,HYPO
GDI1,2664,0.111503921,-24.04144074,FALSE,PROMOTER,HYPO
GMPPA,29926,-0.00441664,-27.10177741,FALSE,PROMOTER,HYPO
GPR176,11245,0.003652841,-73.68688658,FALSE,PROMOTER,HYPO
GPSM1,26086,0.115270815,-26.73334694,FALSE,PROMOTER,HYPO
GPT,2875,-0.017002401,-45.34343331,FALSE,PROMOTER,HYPO
GSDMD,79792,-0.199352505,-22.80678772,FALSE,PROMOTER,HYPO
GSN,2934,0.06776126,-23.26307212,TRUE,PROMOTER,HYPO
HEXIM1,10614,-0.61688926,-34.90718484,FALSE,PROMOTER,HYPO
HOXB3,3213,-0.174396547,-74.33938362,FALSE,PROMOTER,HYPO
HOXC5,3222,0.260637559,-24.56752854,FALSE,PROMOTER,HYPO
HOXC8,3224,0.05304627,-60.41254073,FALSE,PROMOTER,HYPO
HSD17B1,3292,-0.023651379,-53.16827328,FALSE,PROMOTER,HYPO
HSF4,3299,-0.028734434,-52.90297871,FALSE,PROMOTER,HYPO
IL17RC,84818,-0.199609143,-32.33321255,FALSE,PROMOTER,HYPO
IQSEC1,9922,-0.187437543,-48.12245415,FALSE,PROMOTER,HYPO
IRF7,3665,-0.213602795,-31.81232192,FALSE,PROMOTER,HYPO
IRX3,79191,0.075347891,-39.04851831,FALSE,PROMOTER,HYPO
KDM4C,23081,0.14567634,-64.59016535,FALSE,PROMOTER,HYPO
KIAA1191,57179,0.021833566,-36.5793912,FALSE,PROMOTER,HYPO
KIFC3,3801,-0.557476557,-93.06716333,FALSE,PROMOTER,HYPO
KLF4,9314,0.114718849,-48.1933775,TRUE,PROMOTER,HYPO
KREMEN1,83999,0.074828524,-55.69589285,FALSE,PROMOTER,HYPO
LAMA3,3909,0.229670114,-32.66321173,FALSE,PROMOTER,HYPO
LAMC1,3915,-0.028393042,-24.41662734,FALSE,PROMOTER,HYPO
LMF1,64788,-0.027180229,-44.03249857,FALSE,PROMOTER,HYPO
LMX1B,4010,0.620776249,-40.95628219,FALSE,PROMOTER,HYPO
LOC100129917,100129917,-0.161123354,-41.4065428,FALSE,PROMOTER,HYPO
LOC146880,146880,-0.288690748,-53.53878458,FALSE,PROMOTER,HYPO
LPAR1,1902,-0.387867612,-51.67651416,FALSE,PROMOTER,HYPO
MAD2L2,10459,0.116499793,-30.03676045,FALSE,PROMOTER,HYPO
MAFG,4097,-0.228193353,-43.38520677,FALSE,PROMOTER,HYPO
MDGA2,161357,-0.128011783,-52.83171302,FALSE,PROMOTER,HYPO
MDK,4192,0.196472652,-24.99329396,FALSE,PROMOTER,HYPO
MGA,23269,-0.002919514,-76.53086496,FALSE,PROMOTER,HYPO
MICAL1,64780,-0.182978858,-32.98476399,FALSE,PROMOTER,HYPO
MINPP1,9562,-0.031159255,-27.14194612,FALSE,PROMOTER,HYPO
MKX,283078,-0.092912198,-68.37630599,FALSE,PROMOTER,HYPO
MRPL36,64979,0.239359726,-81.57667426,FALSE,PROMOTER,HYPO
MYO15B,80022,-0.218706639,-27.84266575,FALSE,PROMOTER,HYPO
NAPRT1,93100,-0.15458142,-40.77162995,FALSE,PROMOTER,HYPO
NBL1,4681,0.432621708,-26.13218424,FALSE,PROMOTER,HYPO
NDUFS6,4726,0.049295448,-81.57667426,FALSE,PROMOTER,HYPO
NFATC1,4772,0.143473408,-52.04811579,FALSE,PROMOTER,HYPO
NFATC3,4775,-0.059626316,-60.41573433,FALSE,PROMOTER,HYPO
NR2F2,7026,-0.163970647,-46.83869801,FALSE,PROMOTER,HYPO
NR3C1,2908,-0.441773335,-41.4087138,FALSE,PROMOTER,HYPO
OSR2,116039,-0.116418145,-27.31392121,FALSE,PROMOTER,HYPO
P2RY6,5031,-0.221157512,-43.45350756,FALSE,PROMOTER,HYPO
PA2G4P4,647033,0.323923986,-61.91354419,FALSE,PROMOTER,HYPO
PACSIN3,29763,-0.140247236,-65.38141269,FALSE,PROMOTER,HYPO
PALLD,23022,-0.022134713,-54.3970434,FALSE,PROMOTER,HYPO
PANK4,55229,0.009704926,-80.20789571,FALSE,PROMOTER,HYPO
OLFM1,10439,2.277032005,-26.36243909,FALSE,CDS,HYPO
PHPT1,29085,0.199105563,-36.37699508,FALSE,PROMOTER,HYPO
PITX1,5307,-0.188797732,-38.88984919,FALSE,PROMOTER,HYPO
PKN1,5585,-0.103067623,-42.30522569,FALSE,PROMOTER,HYPO
PLCD1,5333,-0.370382527,-46.60385532,TRUE,PROMOTER,HYPO
PLD3,23646,-0.026734585,-72.9375298,FALSE,PROMOTER,HYPO
PLEC,5339,-0.209596204,-38.40010539,FALSE,PROMOTER,HYPO
PLEKHG4B,153478,-0.237329864,-29.05146644,FALSE,PROMOTER,HYPO
PLIN4,729359,-0.322745674,-39.11338713,FALSE,PROMOTER,HYPO
PSENEN,55851,0.17715813,-50.00458615,FALSE,PROMOTER,HYPO
PSMA1,5682,-0.001308562,-91.00638623,FALSE,PROMOTER,HYPO
RAB11FIP4,84440,0.008601799,-29.13838511,FALSE,PROMOTER,HYPO
RAD52,5893,-0.098483214,-44.58462027,FALSE,PROMOTER,HYPO
RARA,5914,1.049890223,-69.71839956,FALSE,PROMOTER,HYPO
RASSF1,11186,-0.034992993,-60.39700489,TRUE,PROMOTER,HYPO
RASSF7,8045,-0.085548492,-55.01043813,FALSE,PROMOTER,HYPO
RBM38,55544,-0.033856705,-36.52081128,TRUE,PROMOTER,HYPO
RGS3,5998,-0.101738324,-35.12352569,FALSE,PROMOTER,HYPO
RHPN2,85415,0.000514162,-56.86003428,FALSE,PROMOTER,HYPO
RSRC1,51319,-0.12982439,-37.20832739,FALSE,PROMOTER,HYPO
SBNO2,22904,0.00561285,-58.82844246,FALSE,PROMOTER,HYPO
SCHIP1,29970,-0.315496039,-33.60246934,FALSE,PROMOTER,HYPO
SEC31B,25956,-0.38262699,-34.44055956,FALSE,PROMOTER,HYPO
SEMA6A,57556,1.063865525,-24.36028222,FALSE,PROMOTER,HYPO
SEZ6L2,26470,-0.077175378,-32.66248997,FALSE,PROMOTER,HYPO
SF3B2,10992,0.059847241,-31.76747835,FALSE,PROMOTER,HYPO
SH3BGRL3,83442,0.066536954,-20.97947019,FALSE,PROMOTER,HYPO
SHANK2,22941,-0.077949029,-65.37251149,FALSE,PROMOTER,HYPO
SIM2,6493,0.042284812,-53.42800631,FALSE,PROMOTER,HYPO
SIPA1,6494,-0.236403673,-80.29320253,FALSE,PROMOTER,HYPO
SKAP2,8935,-0.504199062,-29.85810004,FALSE,PROMOTER,HYPO
SLC16A3,9123,-0.047936367,-47.79739291,FALSE,PROMOTER,HYPO
SLC27A3,11000,-0.233847913,-82.38957161,FALSE,PROMOTER,HYPO
SLC2A4RG,56731,-0.190465102,-44.82515353,FALSE,PROMOTER,HYPO
SLC4A11,83959,0.094668669,-42.42861942,FALSE,PROMOTER,HYPO
SLC9A3,6550,-0.185072103,-37.76669585,FALSE,PROMOTER,HYPO
SLC9A3R2,9351,-0.094868395,-27.93733395,FALSE,PROMOTER,HYPO
SLFN13,146857,-0.134690796,-44.94902437,FALSE,PROMOTER,HYPO
SMTN,6525,-0.263770423,-90.54259312,FALSE,PROMOTER,HYPO
SOX2,6657,-0.69353574,-78.45753486,FALSE,PROMOTER,HYPO
OLFM1,10439,2.277032005,-34.87310863,FALSE,GENE,HYPO
SRP68,6730,0.028153824,-46.20936949,FALSE,PROMOTER,HYPO
STK3,6788,-0.104124985,-28.3897534,FALSE,PROMOTER,HYPO
SYMPK,8189,0.060566225,-68.36125267,FALSE,PROMOTER,HYPO
SYT15,83849,-0.347355554,-36.43257677,FALSE,PROMOTER,HYPO
TACC2,10579,-0.52557754,-48.40942256,FALSE,PROMOTER,HYPO
TAGLN2,8407,0.04389796,-33.17792295,FALSE,PROMOTER,HYPO
TFAP2C,7022,0.141160852,-46.24482246,FALSE,PROMOTER,HYPO
TMPRSS2,7113,-0.371890246,-37.10153712,FALSE,PROMOTER,HYPO
TP73,7161,-0.139895618,-52.82505523,TRUE,PROMOTER,HYPO
TP73-AS1,57212,-0.160721861,-48.82797775,FALSE,PROMOTER,HYPO
TPM2,7169,-0.097999507,-51.74954129,FALSE,PROMOTER,HYPO
TPM4,7171,-0.256689806,-88.48938224,FALSE,PROMOTER,HYPO
TRABD,80305,0.068937714,-35.62186201,FALSE,PROMOTER,HYPO
TRADD,8717,-0.031103821,-52.90297871,FALSE,PROMOTER,HYPO
TRIM59,286827,-0.17570011,-28.51947848,FALSE,PROMOTER,HYPO
TRIM65,201292,-0.00000106,-25.30871054,FALSE,PROMOTER,HYPO
TRPM2,7226,0.175997828,-29.89411485,FALSE,PROMOTER,HYPO
TTC7A,57217,-0.168774396,-40.91973244,FALSE,PROMOTER,HYPO
TTF1,7270,-0.019971599,-40.25014557,TRUE,PROMOTER,HYPO
TUBB2B,347733,0.149376035,-44.96313985,FALSE,PROMOTER,HYPO
TUBB6,84617,0.016901163,-44.15350737,FALSE,PROMOTER,HYPO
USF2,7392,0.037884258,-67.97764736,FALSE,PROMOTER,HYPO
VPS28,51160,0.034071864,-45.44338464,FALSE,PROMOTER,HYPO
WDR24,84219,-0.085883553,-42.89233877,FALSE,PROMOTER,HYPO
WRAP73,49856,-0.106328796,-52.82505523,FALSE,PROMOTER,HYPO
ZBED4,9889,0.017128081,-53.01105686,FALSE,PROMOTER,HYPO
ZFHX3,463,-0.287692071,-37.61757374,TRUE,PROMOTER,HYPO
ZNF185,7739,-0.134391453,-49.18589897,TRUE,PROMOTER,HYPO
ZNF292,23036,-0.196932939,-66.30173196,TRUE,PROMOTER,HYPO
ZNF462,58499,-0.112324691,-62.57521659,FALSE,PROMOTER,HYPO
ZNF503,84858,-0.505002599,-66.86017617,FALSE,PROMOTER,HYPO
ACBD4,79777,-0.310990049,-34.90718484,FALSE,3-UTR,HYPO
ANKRD13B,124930,0.416378334,-50.64562267,FALSE,3-UTR,HYPO
B4GALNT4,338707,0.053980411,-27.74188615,FALSE,3-UTR,HYPO
CBFA2T3,863,0.606583856,-34.4417686,TRUE,3-UTR,HYPO
CCDC85B,11007,0.643803584,-50.88361755,FALSE,3-UTR,HYPO
CCDC97,90324,0.229582843,-64.36544732,FALSE,3-UTR,HYPO
CFD,1675,0.0335496,-40.11382943,FALSE,3-UTR,HYPO
CPLX1,10815,-0.392533302,-44.67787115,FALSE,3-UTR,HYPO
CTXN1,404217,0.28901284,-30.49632101,FALSE,3-UTR,HYPO
EEF1A2,1917,0.05817508,-57.79061183,FALSE,3-UTR,HYPO
EHD1,10938,0.192037695,-23.22750205,FALSE,3-UTR,HYPO
ESPN,83715,-0.1424028,-29.97158827,FALSE,3-UTR,HYPO
FBXL16,146330,-0.220730333,-38.79839832,FALSE,3-UTR,HYPO
OLFM1,10439,2.277032005,-41.42253247,FALSE,INTRON,HYPO
FNBP1,23048,-0.210352582,-26.35445925,FALSE,3-UTR,HYPO
GOLGA3,2802,-0.146766015,-27.47657681,FALSE,3-UTR,HYPO
GPR153,387509,-0.199423812,-58.32175962,FALSE,3-UTR,HYPO
HOTAIR,100124700,-0.261564864,-52.03045062,FALSE,3-UTR,HYPO
IL17RE,132014,-0.365557279,-32.33321255,FALSE,3-UTR,HYPO
LEMD2,221496,-0.051198375,-81.91304417,FALSE,3-UTR,HYPO
LIME1,54923,-0.222322371,-40.14400298,FALSE,3-UTR,HYPO
LOC146880,146880,-0.288690748,-47.09921945,FALSE,3-UTR,HYPO
LRRC14,9684,-0.089253113,-31.29375182,FALSE,3-UTR,HYPO
MARVELD1,83742,-0.087981309,-37.71926198,TRUE,3-UTR,HYPO
MFI2,4241,-0.258323033,-24.16419584,FALSE,3-UTR,HYPO
NBEAL2,23218,-0.257921948,-42.89206898,FALSE,3-UTR,HYPO
OLFM1,10439,2.277032005,-30.28493048,FALSE,3-UTR,HYPO
PHLDB3,653583,0.008890347,-82.85634454,FALSE,3-UTR,HYPO
PITX1,5307,-0.188797732,-28.79463871,FALSE,3-UTR,HYPO
SAMD11,148398,0.026205418,-28.19090258,FALSE,3-UTR,HYPO
KCNH1,3756,2.331098435,-31.3451637,FALSE,CDS,HYPO
SPATC1,375686,-0.311822651,-35.60566312,FALSE,3-UTR,HYPO
TFAP2A,7020,-0.296032053,-37.49260357,TRUE,3-UTR,HYPO
TP73-AS1,57212,-0.160721861,-48.82797775,FALSE,3-UTR,HYPO
TXNDC12,51060,0.164848059,-29.48823059,FALSE,3-UTR,HYPO
UBTF,7343,-0.096080067,-66.10702671,FALSE,3-UTR,HYPO
USP4,7375,-0.064820303,-56.08566124,FALSE,3-UTR,HYPO
VAV1,7409,-0.337160808,-37.40081312,FALSE,3-UTR,HYPO
ABR,29,-0.117326773,-63.34748006,FALSE,5-UTR,HYPO
ACADS,35,-0.111540036,-37.70151277,FALSE,5-UTR,HYPO
ADAMTS13,11093,-0.212564847,-42.01561028,FALSE,5-UTR,HYPO
AKAP12,9590,-0.186035241,-74.10622341,TRUE,5-UTR,HYPO
AMIGO3,386724,0.059524101,-40.20952855,FALSE,5-UTR,HYPO
AMOTL1,154810,0.282254777,-28.57045839,FALSE,5-UTR,HYPO
ANO1,55107,0.308394635,-31.90710608,FALSE,5-UTR,HYPO
APBB2,323,-0.143767108,-76.57235035,FALSE,5-UTR,HYPO
CALML4,91860,-0.00834204,-26.13508741,FALSE,5-UTR,HYPO
CKB,1152,0.042528029,-46.98724902,FALSE,5-UTR,HYPO
ECE2,9718,0.537223092,-27.08490367,FALSE,5-UTR,HYPO
EEF1A2,1917,0.05817508,-20.67223058,FALSE,5-UTR,HYPO
FAM110B,90362,-0.006483471,-34.74496829,FALSE,5-UTR,HYPO
FAM65A,79567,0.007999071,-61.47528069,FALSE,5-UTR,HYPO
FGFRL1,53834,0.368470915,-71.56145943,FALSE,5-UTR,HYPO
FOXJ1,2302,0.027622727,-34.07589842,FALSE,5-UTR,HYPO
GATA2,2624,0.215338582,-57.14360132,FALSE,5-UTR,HYPO
GPR176,11245,0.003652841,-73.68688658,FALSE,5-UTR,HYPO
GPSM1,26086,0.115270815,-26.73334694,FALSE,5-UTR,HYPO
HOXC8,3224,0.05304627,-78.66734938,FALSE,5-UTR,HYPO
HSF4,3299,-0.028734434,-79.38310537,FALSE,5-UTR,HYPO
IRF7,3665,-0.213602795,-31.81232192,FALSE,5-UTR,HYPO
KIFC3,3801,-0.557476557,-92.7335788,FALSE,5-UTR,HYPO
LAMA3,3909,0.229670114,-32.66321173,FALSE,5-UTR,HYPO
LAMC1,3915,-0.028393042,-25.14983116,FALSE,5-UTR,HYPO
MDK,4192,0.196472652,-24.67991509,FALSE,5-UTR,HYPO
MGA,23269,-0.002919514,-76.53086496,FALSE,5-UTR,HYPO
MINPP1,9562,-0.031159255,-27.14194612,FALSE,5-UTR,HYPO
MYO15B,80022,-0.218706639,-27.84266575,FALSE,5-UTR,HYPO
NBL1,4681,0.432621708,-26.13218424,FALSE,5-UTR,HYPO
OSR2,116039,-0.116418145,-28.3897534,FALSE,5-UTR,HYPO
P2RY6,5031,-0.221157512,-43.45350756,FALSE,5-UTR,HYPO
PALLD,23022,-0.022134713,-54.3970434,FALSE,5-UTR,HYPO
KCNH1,3756,2.331098435,-31.3451637,FALSE,GENE,HYPO
PLCD1,5333,-0.370382527,-46.60385532,TRUE,5-UTR,HYPO
PLD3,23646,-0.026734585,-72.9375298,FALSE,5-UTR,HYPO
PSMA1,5682,-0.001308562,-91.90047059,FALSE,5-UTR,HYPO
RAB11FIP4,84440,0.008601799,-29.13838511,FALSE,5-UTR,HYPO
RARA,5914,1.049890223,-65.06534672,FALSE,5-UTR,HYPO
RASSF1,11186,-0.034992993,-60.39700489,TRUE,5-UTR,HYPO
RGS3,5998,-0.101738324,-35.12352569,FALSE,5-UTR,HYPO
SBNO2,22904,0.00561285,-61.3379194,FALSE,5-UTR,HYPO
SCHIP1,29970,-0.315496039,-33.60246934,FALSE,5-UTR,HYPO
SH3BGRL3,83442,0.066536954,-20.97947019,FALSE,5-UTR,HYPO
SKAP2,8935,-0.504199062,-29.85810004,FALSE,5-UTR,HYPO
SLC16A3,9123,-0.047936367,-47.79739291,FALSE,5-UTR,HYPO
SLC4A11,83959,0.094668669,-45.7008649,FALSE,5-UTR,HYPO
SLC9A3,6550,-0.185072103,-32.06301862,FALSE,5-UTR,HYPO
SLC9A3R2,9351,-0.094868395,-27.93733395,FALSE,5-UTR,HYPO
SMTN,6525,-0.263770423,-90.54259312,FALSE,5-UTR,HYPO
SOX2,6657,-0.69353574,-78.45753486,FALSE,5-UTR,HYPO
TPM4,7171,-0.256689806,-88.48938224,FALSE,5-UTR,HYPO
